CECO,DESCRIPCION_CECO,Año,Mes,NOMBRE_INDICADOR,INDICADOR
0,Acumulado,2019,febrero,ADM002-MULTIPLICADOR PROMEDIO,"1,7100"
0,Acumulado,2019,marzo,ADM002-MULTIPLICADOR PROMEDIO,"1,6900"
0,Acumulado,2019,abril,ADM002-MULTIPLICADOR PROMEDIO,"1,6600"
0000,ADMINISTRACION,2019,febrero,ADM002-MULTIPLICADOR PROMEDIO,"-0,0100"
0000,ADMINISTRACION,2019,marzo,ADM002-MULTIPLICADOR PROMEDIO,"-0,0100"
0000,ADMINISTRACION,2019,abril,ADM002-MULTIPLICADOR PROMEDIO,"-0,0100"
1156,COMPENSAR SUBA,2019,febrero,ADM002-MULTIPLICADOR PROMEDIO,"1,1400"
1156,COMPENSAR SUBA,2019,marzo,ADM002-MULTIPLICADOR PROMEDIO,"1,1400"
1156,COMPENSAR SUBA,2019,abril,ADM002-MULTIPLICADOR PROMEDIO,"1,1400"
1192,CLINICA PORTOAZUL,2019,febrero,ADM002-MULTIPLICADOR PROMEDIO,"0,0000"
1192,CLINICA PORTOAZUL,2019,marzo,ADM002-MULTIPLICADOR PROMEDIO,"0,0000"
1192,CLINICA PORTOAZUL,2019,abril,ADM002-MULTIPLICADOR PROMEDIO,"0,0000"
1210,EDIFICIO DE ARTES NUEVO S-1-R,2019,febrero,ADM002-MULTIPLICADOR PROMEDIO,"1,1700"
1210,EDIFICIO DE ARTES NUEVO S-1-R,2019,marzo,ADM002-MULTIPLICADOR PROMEDIO,"1,1700"
1210,EDIFICIO DE ARTES NUEVO S-1-R,2019,abril,ADM002-MULTIPLICADOR PROMEDIO,"1,1700"
1221,NUEVO TX,2019,febrero,ADM002-MULTIPLICADOR PROMEDIO,"2,3700"
1221,NUEVO TX,2019,marzo,ADM002-MULTIPLICADOR PROMEDIO,"2,3700"
1221,NUEVO TX,2019,abril,ADM002-MULTIPLICADOR PROMEDIO,"2,3700"
1227,ESTACION DE POLICIA,2019,febrero,ADM002-MULTIPLICADOR PROMEDIO,"0,6100"
1227,ESTACION DE POLICIA,2019,marzo,ADM002-MULTIPLICADOR PROMEDIO,"0,6100"
1227,ESTACION DE POLICIA,2019,abril,ADM002-MULTIPLICADOR PROMEDIO,"0,6100"
1244,CENTRO COMERCIAL BULEVAR NIZA,2019,febrero,ADM002-MULTIPLICADOR PROMEDIO,"0,4900"
1244,CENTRO COMERCIAL BULEVAR NIZA,2019,marzo,ADM002-MULTIPLICADOR PROMEDIO,"0,4900"
1244,CENTRO COMERCIAL BULEVAR NIZA,2019,abril,ADM002-MULTIPLICADOR PROMEDIO,"0,4900"
1248,BLOQUES H E I,2019,febrero,ADM002-MULTIPLICADOR PROMEDIO,"2,4600"
1248,BLOQUES H E I,2019,marzo,ADM002-MULTIPLICADOR PROMEDIO,"2,4600"
1248,BLOQUES H E I,2019,abril,ADM002-MULTIPLICADOR PROMEDIO,"2,4600"
1251,PLANTA PROENFAR S A S,2019,febrero,ADM002-MULTIPLICADOR PROMEDIO,"1,4800"
1251,PLANTA PROENFAR S A S,2019,marzo,ADM002-MULTIPLICADOR PROMEDIO,"1,4800"
1251,PLANTA PROENFAR S A S,2019,abril,ADM002-MULTIPLICADOR PROMEDIO,"1,4800"
1259,UNIV EXTERNADO BLOQUES H e I,2019,febrero,ADM002-MULTIPLICADOR PROMEDIO,"80,6100"
1259,UNIV EXTERNADO BLOQUES H e I,2019,marzo,ADM002-MULTIPLICADOR PROMEDIO,"80,6100"
1259,UNIV EXTERNADO BLOQUES H e I,2019,abril,ADM002-MULTIPLICADOR PROMEDIO,"80,6100"
1277,CIUDADELA CCIAL UNICENTRO MED,2019,febrero,ADM002-MULTIPLICADOR PROMEDIO,"1,7100"
1277,CIUDADELA CCIAL UNICENTRO MED,2019,marzo,ADM002-MULTIPLICADOR PROMEDIO,"1,7100"
1277,CIUDADELA CCIAL UNICENTRO MED,2019,abril,ADM002-MULTIPLICADOR PROMEDIO,"1,7100"
1289,HOSPITAL UNIVERSITARIO,2019,febrero,ADM002-MULTIPLICADOR PROMEDIO,"1,6700"
1289,HOSPITAL UNIVERSITARIO,2019,marzo,ADM002-MULTIPLICADOR PROMEDIO,"1,6700"
1289,HOSPITAL UNIVERSITARIO,2019,abril,ADM002-MULTIPLICADOR PROMEDIO,"1,6700"
1291,INFRAESTRUCTURA EDUCATIVA,2019,febrero,ADM002-MULTIPLICADOR PROMEDIO,"2,8900"
1291,INFRAESTRUCTURA EDUCATIVA,2019,marzo,ADM002-MULTIPLICADOR PROMEDIO,"2,8900"
1291,INFRAESTRUCTURA EDUCATIVA,2019,abril,ADM002-MULTIPLICADOR PROMEDIO,"2,8900"
1330,BLOQUE C,2019,febrero,ADM002-MULTIPLICADOR PROMEDIO,"0,6300"
1330,BLOQUE C,2019,marzo,ADM002-MULTIPLICADOR PROMEDIO,"0,6300"
1330,BLOQUE C,2019,abril,ADM002-MULTIPLICADOR PROMEDIO,"0,6300"
1343,NUEVA SEDE ACUEDUCTO,2019,febrero,ADM002-MULTIPLICADOR PROMEDIO,"2,1200"
1343,NUEVA SEDE ACUEDUCTO,2019,marzo,ADM002-MULTIPLICADOR PROMEDIO,"2,1200"
1343,NUEVA SEDE ACUEDUCTO,2019,abril,ADM002-MULTIPLICADOR PROMEDIO,"2,1200"
1358,CTRO INTERNAL DE CONVENCIONES,2019,febrero,ADM002-MULTIPLICADOR PROMEDIO,"1,0100"
1358,CTRO INTERNAL DE CONVENCIONES,2019,marzo,ADM002-MULTIPLICADOR PROMEDIO,"1,0100"
1358,CTRO INTERNAL DE CONVENCIONES,2019,abril,ADM002-MULTIPLICADOR PROMEDIO,"1,0100"
1385,C. HOSPITALARIO SERENA DEL MAR,2019,febrero,ADM002-MULTIPLICADOR PROMEDIO,"1,6600"
1385,C. HOSPITALARIO SERENA DEL MAR,2019,marzo,ADM002-MULTIPLICADOR PROMEDIO,"1,6000"
1385,C. HOSPITALARIO SERENA DEL MAR,2019,abril,ADM002-MULTIPLICADOR PROMEDIO,"1,6100"
1392,OXO 69,2019,febrero,ADM002-MULTIPLICADOR PROMEDIO,"0,7100"
1392,OXO 69,2019,marzo,ADM002-MULTIPLICADOR PROMEDIO,"0,7100"
1392,OXO 69,2019,abril,ADM002-MULTIPLICADOR PROMEDIO,"0,7100"
1393,OXO CARTAGENA,2019,febrero,ADM002-MULTIPLICADOR PROMEDIO,"1,4200"
1393,OXO CARTAGENA,2019,marzo,ADM002-MULTIPLICADOR PROMEDIO,"1,4200"
1393,OXO CARTAGENA,2019,abril,ADM002-MULTIPLICADOR PROMEDIO,"1,4200"
1409,GIMNASIO MODERNO -RESTAURACION,2019,febrero,ADM002-MULTIPLICADOR PROMEDIO,"1,9600"
1409,GIMNASIO MODERNO -RESTAURACION,2019,marzo,ADM002-MULTIPLICADOR PROMEDIO,"1,9600"
1409,GIMNASIO MODERNO -RESTAURACION,2019,abril,ADM002-MULTIPLICADOR PROMEDIO,"1,9600"
1411,EDIFICIO CALLE 119,2019,febrero,ADM002-MULTIPLICADOR PROMEDIO,"0,0000"
1411,EDIFICIO CALLE 119,2019,marzo,ADM002-MULTIPLICADOR PROMEDIO,"0,0000"
1411,EDIFICIO CALLE 119,2019,abril,ADM002-MULTIPLICADOR PROMEDIO,"0,0000"
1412,ACQUA,2019,febrero,ADM002-MULTIPLICADOR PROMEDIO,"1,6500"
1412,ACQUA,2019,marzo,ADM002-MULTIPLICADOR PROMEDIO,"1,6500"
1412,ACQUA,2019,abril,ADM002-MULTIPLICADOR PROMEDIO,"1,6500"
1413,EDIFICIO 19.90,2019,febrero,ADM002-MULTIPLICADOR PROMEDIO,"0,8800"
1413,EDIFICIO 19.90,2019,marzo,ADM002-MULTIPLICADOR PROMEDIO,"0,8800"
1413,EDIFICIO 19.90,2019,abril,ADM002-MULTIPLICADOR PROMEDIO,"0,8800"
1416,HOTELES CITY,2019,febrero,ADM002-MULTIPLICADOR PROMEDIO,"4,4500"
1416,HOTELES CITY,2019,marzo,ADM002-MULTIPLICADOR PROMEDIO,"4,4500"
1416,HOTELES CITY,2019,abril,ADM002-MULTIPLICADOR PROMEDIO,"4,4500"
1428,ED.OF ACADEMICAS COL. RICHMOND,2019,febrero,ADM002-MULTIPLICADOR PROMEDIO,"1,1700"
1428,ED.OF ACADEMICAS COL. RICHMOND,2019,marzo,ADM002-MULTIPLICADOR PROMEDIO,"1,1700"
1428,ED.OF ACADEMICAS COL. RICHMOND,2019,abril,ADM002-MULTIPLICADOR PROMEDIO,"1,1700"
1434,HOTEL ESTELAR CARTAGENA,2019,febrero,ADM002-MULTIPLICADOR PROMEDIO,"1,3500"
1434,HOTEL ESTELAR CARTAGENA,2019,marzo,ADM002-MULTIPLICADOR PROMEDIO,"1,3500"
1434,HOTEL ESTELAR CARTAGENA,2019,abril,ADM002-MULTIPLICADOR PROMEDIO,"1,3500"
1438,TIENDAS DE CONVENIENCIA TERPEL,2019,febrero,ADM002-MULTIPLICADOR PROMEDIO,"41,6500"
1438,TIENDAS DE CONVENIENCIA TERPEL,2019,marzo,ADM002-MULTIPLICADOR PROMEDIO,"41,6500"
1438,TIENDAS DE CONVENIENCIA TERPEL,2019,abril,ADM002-MULTIPLICADOR PROMEDIO,"41,6500"
1439,PLAZA CENTRAL CENTRO COMERCIAL,2019,febrero,ADM002-MULTIPLICADOR PROMEDIO,"1,6400"
1439,PLAZA CENTRAL CENTRO COMERCIAL,2019,marzo,ADM002-MULTIPLICADOR PROMEDIO,"1,6400"
1439,PLAZA CENTRAL CENTRO COMERCIAL,2019,abril,ADM002-MULTIPLICADOR PROMEDIO,"1,6400"
1441,PQ CIENTIF INNOVA SOCIAL EDA,2019,febrero,ADM002-MULTIPLICADOR PROMEDIO,"1,4300"
1441,PQ CIENTIF INNOVA SOCIAL EDA,2019,marzo,ADM002-MULTIPLICADOR PROMEDIO,"1,4300"
1441,PQ CIENTIF INNOVA SOCIAL EDA,2019,abril,ADM002-MULTIPLICADOR PROMEDIO,"1,4300"
1443,HOTEL ESTELAR VILLAVICENCIO,2019,febrero,ADM002-MULTIPLICADOR PROMEDIO,"0,0000"
1443,HOTEL ESTELAR VILLAVICENCIO,2019,marzo,ADM002-MULTIPLICADOR PROMEDIO,"0,0000"
1443,HOTEL ESTELAR VILLAVICENCIO,2019,abril,ADM002-MULTIPLICADOR PROMEDIO,"0,0000"
1444,PROYECTO T7 Y T8,2019,febrero,ADM002-MULTIPLICADOR PROMEDIO,"1,3200"
1444,PROYECTO T7 Y T8,2019,marzo,ADM002-MULTIPLICADOR PROMEDIO,"1,3200"
1444,PROYECTO T7 Y T8,2019,abril,ADM002-MULTIPLICADOR PROMEDIO,"1,3200"
1452,CASAS SANTA BARBARA,2019,febrero,ADM002-MULTIPLICADOR PROMEDIO,"1,8000"
1452,CASAS SANTA BARBARA,2019,marzo,ADM002-MULTIPLICADOR PROMEDIO,"1,8000"
1452,CASAS SANTA BARBARA,2019,abril,ADM002-MULTIPLICADOR PROMEDIO,"1,8000"
1453,FABRICA 2 FONADE,2019,febrero,ADM002-MULTIPLICADOR PROMEDIO,"2,0300"
1453,FABRICA 2 FONADE,2019,marzo,ADM002-MULTIPLICADOR PROMEDIO,"2,0300"
1453,FABRICA 2 FONADE,2019,abril,ADM002-MULTIPLICADOR PROMEDIO,"2,0300"
1455,TORRE 4 U. CATOLICA,2019,febrero,ADM002-MULTIPLICADOR PROMEDIO,"1,9300"
1455,TORRE 4 U. CATOLICA,2019,marzo,ADM002-MULTIPLICADOR PROMEDIO,"1,9300"
1455,TORRE 4 U. CATOLICA,2019,abril,ADM002-MULTIPLICADOR PROMEDIO,"1,9300"
1461,C CORPORATIVO SERENA DEL MAR,2019,febrero,ADM002-MULTIPLICADOR PROMEDIO,"1,2300"
1461,C CORPORATIVO SERENA DEL MAR,2019,marzo,ADM002-MULTIPLICADOR PROMEDIO,"1,3200"
1461,C CORPORATIVO SERENA DEL MAR,2019,abril,ADM002-MULTIPLICADOR PROMEDIO,"1,3200"
1464,HOTEL YOPAL - INT. ITINERANTE,2019,febrero,ADM002-MULTIPLICADOR PROMEDIO,"60,5000"
1464,HOTEL YOPAL - INT. ITINERANTE,2019,marzo,ADM002-MULTIPLICADOR PROMEDIO,"60,5000"
1464,HOTEL YOPAL - INT. ITINERANTE,2019,abril,ADM002-MULTIPLICADOR PROMEDIO,"60,5000"
1468,C. CIAL MALL PLAZA MANIZALES,2019,febrero,ADM002-MULTIPLICADOR PROMEDIO,"1,4700"
1468,C. CIAL MALL PLAZA MANIZALES,2019,marzo,ADM002-MULTIPLICADOR PROMEDIO,"1,4700"
1468,C. CIAL MALL PLAZA MANIZALES,2019,abril,ADM002-MULTIPLICADOR PROMEDIO,"1,4700"
1472,HOTEL ESTELAR CARTAGENA,2019,febrero,ADM002-MULTIPLICADOR PROMEDIO,"0,7500"
1472,HOTEL ESTELAR CARTAGENA,2019,marzo,ADM002-MULTIPLICADOR PROMEDIO,"0,7500"
1472,HOTEL ESTELAR CARTAGENA,2019,abril,ADM002-MULTIPLICADOR PROMEDIO,"0,7500"
1475,IROTAMA RESERVADO,2019,febrero,ADM002-MULTIPLICADOR PROMEDIO,"1,3300"
1475,IROTAMA RESERVADO,2019,marzo,ADM002-MULTIPLICADOR PROMEDIO,"1,3300"
1475,IROTAMA RESERVADO,2019,abril,ADM002-MULTIPLICADOR PROMEDIO,"1,3300"
1476,MASSILIA,2019,febrero,ADM002-MULTIPLICADOR PROMEDIO,"1,1200"
1476,MASSILIA,2019,marzo,ADM002-MULTIPLICADOR PROMEDIO,"1,1200"
1476,MASSILIA,2019,abril,ADM002-MULTIPLICADOR PROMEDIO,"1,1200"
1487,COLEGIO INDIGENA UBAMUX,2019,febrero,ADM002-MULTIPLICADOR PROMEDIO,"1,2000"
1487,COLEGIO INDIGENA UBAMUX,2019,marzo,ADM002-MULTIPLICADOR PROMEDIO,"1,2000"
1487,COLEGIO INDIGENA UBAMUX,2019,abril,ADM002-MULTIPLICADOR PROMEDIO,"1,2000"
1494,INSTITUCION EDUC SIMON BOLIVAR,2019,febrero,ADM002-MULTIPLICADOR PROMEDIO,"1,2200"
1494,INSTITUCION EDUC SIMON BOLIVAR,2019,marzo,ADM002-MULTIPLICADOR PROMEDIO,"1,2200"
1494,INSTITUCION EDUC SIMON BOLIVAR,2019,abril,ADM002-MULTIPLICADOR PROMEDIO,"1,2200"
1506,FACUTLAD DE ARTES Y DISEÑO UJT,2019,febrero,ADM002-MULTIPLICADOR PROMEDIO,"1,0700"
1506,FACUTLAD DE ARTES Y DISEÑO UJT,2019,marzo,ADM002-MULTIPLICADOR PROMEDIO,"1,0700"
1506,FACUTLAD DE ARTES Y DISEÑO UJT,2019,abril,ADM002-MULTIPLICADOR PROMEDIO,"1,0700"
1507,REMODELACION CC METROPOLIS,2019,febrero,ADM002-MULTIPLICADOR PROMEDIO,"1,9700"
1507,REMODELACION CC METROPOLIS,2019,marzo,ADM002-MULTIPLICADOR PROMEDIO,"2,0500"
1507,REMODELACION CC METROPOLIS,2019,abril,ADM002-MULTIPLICADOR PROMEDIO,"2,0200"
1508,BODEGAS CELTA,2019,febrero,ADM002-MULTIPLICADOR PROMEDIO,"0,4800"
1508,BODEGAS CELTA,2019,marzo,ADM002-MULTIPLICADOR PROMEDIO,"0,4800"
1508,BODEGAS CELTA,2019,abril,ADM002-MULTIPLICADOR PROMEDIO,"0,4800"
1510,IE LA SIERRA,2019,febrero,ADM002-MULTIPLICADOR PROMEDIO,"1,3300"
1510,IE LA SIERRA,2019,marzo,ADM002-MULTIPLICADOR PROMEDIO,"1,3300"
1510,IE LA SIERRA,2019,abril,ADM002-MULTIPLICADOR PROMEDIO,"1,3300"
1515,BANCO REPUBLICA SAN ANDRES,2019,febrero,ADM002-MULTIPLICADOR PROMEDIO,"1,6700"
1515,BANCO REPUBLICA SAN ANDRES,2019,marzo,ADM002-MULTIPLICADOR PROMEDIO,"1,6700"
1515,BANCO REPUBLICA SAN ANDRES,2019,abril,ADM002-MULTIPLICADOR PROMEDIO,"1,6700"
1523,CLINICA LA SABANA,2019,febrero,ADM002-MULTIPLICADOR PROMEDIO,"2,3600"
1523,CLINICA LA SABANA,2019,marzo,ADM002-MULTIPLICADOR PROMEDIO,"2,3600"
1523,CLINICA LA SABANA,2019,abril,ADM002-MULTIPLICADOR PROMEDIO,"2,3600"
1524,TORRE COLPATRIA - SIST ELECTRI,2019,febrero,ADM002-MULTIPLICADOR PROMEDIO,"1,8700"
1524,TORRE COLPATRIA - SIST ELECTRI,2019,marzo,ADM002-MULTIPLICADOR PROMEDIO,"1,8700"
1524,TORRE COLPATRIA - SIST ELECTRI,2019,abril,ADM002-MULTIPLICADOR PROMEDIO,"1,8700"
1527,EDIFICIO SANTA MARIA PROG. Y P,2019,febrero,ADM002-MULTIPLICADOR PROMEDIO,"0,9900"
1527,EDIFICIO SANTA MARIA PROG. Y P,2019,marzo,ADM002-MULTIPLICADOR PROMEDIO,"0,9900"
1527,EDIFICIO SANTA MARIA PROG. Y P,2019,abril,ADM002-MULTIPLICADOR PROMEDIO,"0,9900"
1529,RECIBO NEOS VITRO 03,2019,febrero,ADM002-MULTIPLICADOR PROMEDIO,"9,1800"
1529,RECIBO NEOS VITRO 03,2019,marzo,ADM002-MULTIPLICADOR PROMEDIO,"9,1800"
1529,RECIBO NEOS VITRO 03,2019,abril,ADM002-MULTIPLICADOR PROMEDIO,"9,1800"
1531,E.P.S. SANITAS - PUENTE ARANDA,2019,febrero,ADM002-MULTIPLICADOR PROMEDIO,"1,2600"
1531,E.P.S. SANITAS - PUENTE ARANDA,2019,marzo,ADM002-MULTIPLICADOR PROMEDIO,"1,2600"
1531,E.P.S. SANITAS - PUENTE ARANDA,2019,abril,ADM002-MULTIPLICADOR PROMEDIO,"1,2600"
1533,EDIFICIO CALLE 81,2019,febrero,ADM002-MULTIPLICADOR PROMEDIO,"0,7100"
1533,EDIFICIO CALLE 81,2019,marzo,ADM002-MULTIPLICADOR PROMEDIO,"0,7100"
1533,EDIFICIO CALLE 81,2019,abril,ADM002-MULTIPLICADOR PROMEDIO,"0,7100"
1534,EDIFICIO CALLE 92,2019,febrero,ADM002-MULTIPLICADOR PROMEDIO,"4,1800"
1534,EDIFICIO CALLE 92,2019,marzo,ADM002-MULTIPLICADOR PROMEDIO,"4,1800"
1534,EDIFICIO CALLE 92,2019,abril,ADM002-MULTIPLICADOR PROMEDIO,"4,1800"
1535,MORARI 105,2019,febrero,ADM002-MULTIPLICADOR PROMEDIO,"0,0000"
1535,MORARI 105,2019,marzo,ADM002-MULTIPLICADOR PROMEDIO,"0,0000"
1535,MORARI 105,2019,abril,ADM002-MULTIPLICADOR PROMEDIO,"0,0000"
1536,HOMECENTER TINTAL - 03,2019,febrero,ADM002-MULTIPLICADOR PROMEDIO,"0,0000"
1536,HOMECENTER TINTAL - 03,2019,marzo,ADM002-MULTIPLICADOR PROMEDIO,"0,0000"
1536,HOMECENTER TINTAL - 03,2019,abril,ADM002-MULTIPLICADOR PROMEDIO,"0,0000"
1537,PARQUEADEROS ADICIONALES T7/T8,2019,febrero,ADM002-MULTIPLICADOR PROMEDIO,"4,4400"
1537,PARQUEADEROS ADICIONALES T7/T8,2019,marzo,ADM002-MULTIPLICADOR PROMEDIO,"4,4400"
1537,PARQUEADEROS ADICIONALES T7/T8,2019,abril,ADM002-MULTIPLICADOR PROMEDIO,"4,4400"
1543,L. FILTRACION TANGENCIAL - 03,2019,febrero,ADM002-MULTIPLICADOR PROMEDIO,"1,9300"
1543,L. FILTRACION TANGENCIAL - 03,2019,marzo,ADM002-MULTIPLICADOR PROMEDIO,"1,9300"
1543,L. FILTRACION TANGENCIAL - 03,2019,abril,ADM002-MULTIPLICADOR PROMEDIO,"1,9300"
1547,GAIRA CAFE 01-02,2019,febrero,ADM002-MULTIPLICADOR PROMEDIO,"7,6100"
1547,GAIRA CAFE 01-02,2019,marzo,ADM002-MULTIPLICADOR PROMEDIO,"7,6100"
1547,GAIRA CAFE 01-02,2019,abril,ADM002-MULTIPLICADOR PROMEDIO,"7,6100"
1553,CENTRO DE TRASMISION,2019,febrero,ADM002-MULTIPLICADOR PROMEDIO,"1,0600"
1553,CENTRO DE TRASMISION,2019,marzo,ADM002-MULTIPLICADOR PROMEDIO,"1,0600"
1553,CENTRO DE TRASMISION,2019,abril,ADM002-MULTIPLICADOR PROMEDIO,"1,0600"
1556,FALABELLA WTC CALI - 03,2019,febrero,ADM002-MULTIPLICADOR PROMEDIO,"3,2600"
1556,FALABELLA WTC CALI - 03,2019,marzo,ADM002-MULTIPLICADOR PROMEDIO,"3,2600"
1556,FALABELLA WTC CALI - 03,2019,abril,ADM002-MULTIPLICADOR PROMEDIO,"3,2600"
1558,CEDI HOMECENTER FUNZA - 03,2019,febrero,ADM002-MULTIPLICADOR PROMEDIO,"2,0100"
1558,CEDI HOMECENTER FUNZA - 03,2019,marzo,ADM002-MULTIPLICADOR PROMEDIO,"2,0100"
1558,CEDI HOMECENTER FUNZA - 03,2019,abril,ADM002-MULTIPLICADOR PROMEDIO,"2,0100"
1559,EDIFICIO COUNTRY 80 - 01,2019,febrero,ADM002-MULTIPLICADOR PROMEDIO,"12,7600"
1559,EDIFICIO COUNTRY 80 - 01,2019,marzo,ADM002-MULTIPLICADOR PROMEDIO,"12,7600"
1559,EDIFICIO COUNTRY 80 - 01,2019,abril,ADM002-MULTIPLICADOR PROMEDIO,"12,7600"
1560,CLIN Y CONSULTORIO MEDICADIZ-3,2019,febrero,ADM002-MULTIPLICADOR PROMEDIO,"1,9200"
1560,CLIN Y CONSULTORIO MEDICADIZ-3,2019,marzo,ADM002-MULTIPLICADOR PROMEDIO,"1,9200"
1560,CLIN Y CONSULTORIO MEDICADIZ-3,2019,abril,ADM002-MULTIPLICADOR PROMEDIO,"1,9200"
1561,EDIFICIO VIRREY 88 - 01,2019,febrero,ADM002-MULTIPLICADOR PROMEDIO,"2,1600"
1561,EDIFICIO VIRREY 88 - 01,2019,marzo,ADM002-MULTIPLICADOR PROMEDIO,"2,1600"
1561,EDIFICIO VIRREY 88 - 01,2019,abril,ADM002-MULTIPLICADOR PROMEDIO,"2,1600"
1562,EDIFICIO APICE - 01,2019,febrero,ADM002-MULTIPLICADOR PROMEDIO,"1,4700"
1562,EDIFICIO APICE - 01,2019,marzo,ADM002-MULTIPLICADOR PROMEDIO,"1,4700"
1562,EDIFICIO APICE - 01,2019,abril,ADM002-MULTIPLICADOR PROMEDIO,"1,4700"
1563,C.C. VIVA BARRANQUILLA - 03,2019,febrero,ADM002-MULTIPLICADOR PROMEDIO,"1,2100"
1563,C.C. VIVA BARRANQUILLA - 03,2019,marzo,ADM002-MULTIPLICADOR PROMEDIO,"1,2100"
1563,C.C. VIVA BARRANQUILLA - 03,2019,abril,ADM002-MULTIPLICADOR PROMEDIO,"1,2100"
1565,COMPENSAR CLINICA EL BOSQUE 06,2019,febrero,ADM002-MULTIPLICADOR PROMEDIO,"1,3200"
1565,COMPENSAR CLINICA EL BOSQUE 06,2019,marzo,ADM002-MULTIPLICADOR PROMEDIO,"1,3300"
1565,COMPENSAR CLINICA EL BOSQUE 06,2019,abril,ADM002-MULTIPLICADOR PROMEDIO,"1,3300"
1566,HOTEL GRAND HYATT - 03,2019,febrero,ADM002-MULTIPLICADOR PROMEDIO,"1,4000"
1566,HOTEL GRAND HYATT - 03,2019,marzo,ADM002-MULTIPLICADOR PROMEDIO,"1,4000"
1566,HOTEL GRAND HYATT - 03,2019,abril,ADM002-MULTIPLICADOR PROMEDIO,"1,4000"
1569,HOSPITAL CIUDAD VERDE - 03,2019,febrero,ADM002-MULTIPLICADOR PROMEDIO,"2,2400"
1569,HOSPITAL CIUDAD VERDE - 03,2019,marzo,ADM002-MULTIPLICADOR PROMEDIO,"2,2400"
1569,HOSPITAL CIUDAD VERDE - 03,2019,abril,ADM002-MULTIPLICADOR PROMEDIO,"2,2400"
1572,ZONA FRANCA PALERMO - 27,2019,febrero,ADM002-MULTIPLICADOR PROMEDIO,"2,3900"
1572,ZONA FRANCA PALERMO - 27,2019,marzo,ADM002-MULTIPLICADOR PROMEDIO,"2,3900"
1572,ZONA FRANCA PALERMO - 27,2019,abril,ADM002-MULTIPLICADOR PROMEDIO,"2,3900"
1573,YOCAMBO-YOCAMBITO-PALESTINA-07,2019,febrero,ADM002-MULTIPLICADOR PROMEDIO,"7,5800"
1573,YOCAMBO-YOCAMBITO-PALESTINA-07,2019,marzo,ADM002-MULTIPLICADOR PROMEDIO,"7,5800"
1573,YOCAMBO-YOCAMBITO-PALESTINA-07,2019,abril,ADM002-MULTIPLICADOR PROMEDIO,"7,5800"
1574,SDS SOACHA - 03,2019,febrero,ADM002-MULTIPLICADOR PROMEDIO,"1,2900"
1574,SDS SOACHA - 03,2019,marzo,ADM002-MULTIPLICADOR PROMEDIO,"1,2900"
1574,SDS SOACHA - 03,2019,abril,ADM002-MULTIPLICADOR PROMEDIO,"1,2900"
1577,CENTRO MUNDIAL DE NEGOCIOS-03,2019,febrero,ADM002-MULTIPLICADOR PROMEDIO,"1,4300"
1577,CENTRO MUNDIAL DE NEGOCIOS-03,2019,marzo,ADM002-MULTIPLICADOR PROMEDIO,"1,4200"
1577,CENTRO MUNDIAL DE NEGOCIOS-03,2019,abril,ADM002-MULTIPLICADOR PROMEDIO,"1,4200"
1579,EDIFICIO TAMARINDO - 03,2019,febrero,ADM002-MULTIPLICADOR PROMEDIO,"1,7800"
1579,EDIFICIO TAMARINDO - 03,2019,marzo,ADM002-MULTIPLICADOR PROMEDIO,"1,7800"
1579,EDIFICIO TAMARINDO - 03,2019,abril,ADM002-MULTIPLICADOR PROMEDIO,"1,7800"
1580,DESARROLLO CAMPUS EAN -07,2019,febrero,ADM002-MULTIPLICADOR PROMEDIO,"1,6800"
1580,DESARROLLO CAMPUS EAN -07,2019,marzo,ADM002-MULTIPLICADOR PROMEDIO,"1,6800"
1580,DESARROLLO CAMPUS EAN -07,2019,abril,ADM002-MULTIPLICADOR PROMEDIO,"1,7200"
1584,EDIFICIO RD PASADENA,2019,febrero,ADM002-MULTIPLICADOR PROMEDIO,"4,1600"
1584,EDIFICIO RD PASADENA,2019,marzo,ADM002-MULTIPLICADOR PROMEDIO,"4,1600"
1584,EDIFICIO RD PASADENA,2019,abril,ADM002-MULTIPLICADOR PROMEDIO,"4,1600"
1587,ARTURO CALLE C.C. MAYALES - 07,2019,febrero,ADM002-MULTIPLICADOR PROMEDIO,"0,0000"
1587,ARTURO CALLE C.C. MAYALES - 07,2019,marzo,ADM002-MULTIPLICADOR PROMEDIO,"0,0000"
1587,ARTURO CALLE C.C. MAYALES - 07,2019,abril,ADM002-MULTIPLICADOR PROMEDIO,"0,0000"
1588,MALL PLAZA BARRANQUILLA,2019,febrero,ADM002-MULTIPLICADOR PROMEDIO,"1,5000"
1588,MALL PLAZA BARRANQUILLA,2019,marzo,ADM002-MULTIPLICADOR PROMEDIO,"1,4900"
1588,MALL PLAZA BARRANQUILLA,2019,abril,ADM002-MULTIPLICADOR PROMEDIO,"1,4800"
1589,ELEMENTO - 03,2019,febrero,ADM002-MULTIPLICADOR PROMEDIO,"30,2700"
1589,ELEMENTO - 03,2019,marzo,ADM002-MULTIPLICADOR PROMEDIO,"30,2700"
1589,ELEMENTO - 03,2019,abril,ADM002-MULTIPLICADOR PROMEDIO,"30,2700"
1590,CITY U - 03,2019,febrero,ADM002-MULTIPLICADOR PROMEDIO,"2,1700"
1590,CITY U - 03,2019,marzo,ADM002-MULTIPLICADOR PROMEDIO,"2,1700"
1590,CITY U - 03,2019,abril,ADM002-MULTIPLICADOR PROMEDIO,"2,1700"
1593,ARTURO CALLE KIDS OVIEDO -07,2019,febrero,ADM002-MULTIPLICADOR PROMEDIO,"0,0000"
1593,ARTURO CALLE KIDS OVIEDO -07,2019,marzo,ADM002-MULTIPLICADOR PROMEDIO,"0,0000"
1593,ARTURO CALLE KIDS OVIEDO -07,2019,abril,ADM002-MULTIPLICADOR PROMEDIO,"0,0000"
1594,MALL PLAZA MANIZALES TRASL RED,2019,febrero,ADM002-MULTIPLICADOR PROMEDIO,"26000000,0000"
1594,MALL PLAZA MANIZALES TRASL RED,2019,marzo,ADM002-MULTIPLICADOR PROMEDIO,"26000000,0000"
1594,MALL PLAZA MANIZALES TRASL RED,2019,abril,ADM002-MULTIPLICADOR PROMEDIO,"26000000,0000"
1595,AMPLIACION BIBLIOTECA JMSD - 7,2019,febrero,ADM002-MULTIPLICADOR PROMEDIO,"1,2600"
1595,AMPLIACION BIBLIOTECA JMSD - 7,2019,marzo,ADM002-MULTIPLICADOR PROMEDIO,"1,2600"
1595,AMPLIACION BIBLIOTECA JMSD - 7,2019,abril,ADM002-MULTIPLICADOR PROMEDIO,"1,2600"
1596,COLEGIO HELVETIA FASE 1 ETAPA,2019,febrero,ADM002-MULTIPLICADOR PROMEDIO,"2,5300"
1596,COLEGIO HELVETIA FASE 1 ETAPA,2019,marzo,ADM002-MULTIPLICADOR PROMEDIO,"2,5000"
1596,COLEGIO HELVETIA FASE 1 ETAPA,2019,abril,ADM002-MULTIPLICADOR PROMEDIO,"2,4200"
1597,REFORZ. ESTRUC. COLEGIO INGLAT,2019,febrero,ADM002-MULTIPLICADOR PROMEDIO,"2,6800"
1597,REFORZ. ESTRUC. COLEGIO INGLAT,2019,marzo,ADM002-MULTIPLICADOR PROMEDIO,"2,6800"
1597,REFORZ. ESTRUC. COLEGIO INGLAT,2019,abril,ADM002-MULTIPLICADOR PROMEDIO,"2,6800"
1598,AMPLI. CORREDORES Y NUEV. LOCA,2019,febrero,ADM002-MULTIPLICADOR PROMEDIO,"1,4100"
1598,AMPLI. CORREDORES Y NUEV. LOCA,2019,marzo,ADM002-MULTIPLICADOR PROMEDIO,"1,4100"
1598,AMPLI. CORREDORES Y NUEV. LOCA,2019,abril,ADM002-MULTIPLICADOR PROMEDIO,"1,4100"
1602,VITRUM ICONO URBANO - 01,2019,febrero,ADM002-MULTIPLICADOR PROMEDIO,"1,5300"
1602,VITRUM ICONO URBANO - 01,2019,marzo,ADM002-MULTIPLICADOR PROMEDIO,"1,5300"
1602,VITRUM ICONO URBANO - 01,2019,abril,ADM002-MULTIPLICADOR PROMEDIO,"1,5300"
1605,SANTA ANA II - ETAPA IV,2019,febrero,ADM002-MULTIPLICADOR PROMEDIO,"0,5100"
1605,SANTA ANA II - ETAPA IV,2019,marzo,ADM002-MULTIPLICADOR PROMEDIO,"0,5100"
1605,SANTA ANA II - ETAPA IV,2019,abril,ADM002-MULTIPLICADOR PROMEDIO,"0,5100"
1607,REMOD. PISCINA Y TURCO CLUB LO,2019,febrero,ADM002-MULTIPLICADOR PROMEDIO,"1,9400"
1607,REMOD. PISCINA Y TURCO CLUB LO,2019,marzo,ADM002-MULTIPLICADOR PROMEDIO,"1,9400"
1607,REMOD. PISCINA Y TURCO CLUB LO,2019,abril,ADM002-MULTIPLICADOR PROMEDIO,"1,9400"
1608,TORRE ALIANZA NEXUS,2019,febrero,ADM002-MULTIPLICADOR PROMEDIO,"1,7500"
1608,TORRE ALIANZA NEXUS,2019,marzo,ADM002-MULTIPLICADOR PROMEDIO,"1,7500"
1608,TORRE ALIANZA NEXUS,2019,abril,ADM002-MULTIPLICADOR PROMEDIO,"1,7500"
1611,BOTANIKA OTUM,2019,febrero,ADM002-MULTIPLICADOR PROMEDIO,"1,2900"
1611,BOTANIKA OTUM,2019,marzo,ADM002-MULTIPLICADOR PROMEDIO,"1,2900"
1611,BOTANIKA OTUM,2019,abril,ADM002-MULTIPLICADOR PROMEDIO,"1,2900"
1614,CEDRITOS IPANEMA MIRTOS,2019,febrero,ADM002-MULTIPLICADOR PROMEDIO,"3,0300"
1614,CEDRITOS IPANEMA MIRTOS,2019,marzo,ADM002-MULTIPLICADOR PROMEDIO,"3,0300"
1614,CEDRITOS IPANEMA MIRTOS,2019,abril,ADM002-MULTIPLICADOR PROMEDIO,"3,0300"
1615,CONSTRUCCION DEL CEDI JERONIMO,2019,febrero,ADM002-MULTIPLICADOR PROMEDIO,"1,5500"
1615,CONSTRUCCION DEL CEDI JERONIMO,2019,marzo,ADM002-MULTIPLICADOR PROMEDIO,"1,5500"
1615,CONSTRUCCION DEL CEDI JERONIMO,2019,abril,ADM002-MULTIPLICADOR PROMEDIO,"1,5500"
1616,REMOD C.C. ATLANTIS PLAZA,2019,febrero,ADM002-MULTIPLICADOR PROMEDIO,"2,1000"
1616,REMOD C.C. ATLANTIS PLAZA,2019,marzo,ADM002-MULTIPLICADOR PROMEDIO,"2,1000"
1616,REMOD C.C. ATLANTIS PLAZA,2019,abril,ADM002-MULTIPLICADOR PROMEDIO,"2,1000"
1617,EDIFICIO DE OFICINAS 1-93,2019,febrero,ADM002-MULTIPLICADOR PROMEDIO,"1,6300"
1617,EDIFICIO DE OFICINAS 1-93,2019,marzo,ADM002-MULTIPLICADOR PROMEDIO,"1,6300"
1617,EDIFICIO DE OFICINAS 1-93,2019,abril,ADM002-MULTIPLICADOR PROMEDIO,"1,6300"
1618,REMOD C.C. SALITRE PLAZA,2019,febrero,ADM002-MULTIPLICADOR PROMEDIO,"1,9700"
1618,REMOD C.C. SALITRE PLAZA,2019,marzo,ADM002-MULTIPLICADOR PROMEDIO,"1,9600"
1618,REMOD C.C. SALITRE PLAZA,2019,abril,ADM002-MULTIPLICADOR PROMEDIO,"1,9500"
1619,BLOQUE G ANGLO COLOMBIANO,2019,febrero,ADM002-MULTIPLICADOR PROMEDIO,"0,7900"
1619,BLOQUE G ANGLO COLOMBIANO,2019,marzo,ADM002-MULTIPLICADOR PROMEDIO,"0,7900"
1619,BLOQUE G ANGLO COLOMBIANO,2019,abril,ADM002-MULTIPLICADOR PROMEDIO,"0,7900"
1620,PEPE GANGA FONTANAR,2019,febrero,ADM002-MULTIPLICADOR PROMEDIO,"1,6600"
1620,PEPE GANGA FONTANAR,2019,marzo,ADM002-MULTIPLICADOR PROMEDIO,"1,6600"
1620,PEPE GANGA FONTANAR,2019,abril,ADM002-MULTIPLICADOR PROMEDIO,"1,6600"
1621,AUDITORIO Y SALAS CORPOICA,2019,febrero,ADM002-MULTIPLICADOR PROMEDIO,"3,0500"
1621,AUDITORIO Y SALAS CORPOICA,2019,marzo,ADM002-MULTIPLICADOR PROMEDIO,"3,0500"
1621,AUDITORIO Y SALAS CORPOICA,2019,abril,ADM002-MULTIPLICADOR PROMEDIO,"3,0500"
1622,ATRIO - QBO,2019,febrero,ADM002-MULTIPLICADOR PROMEDIO,"0,9200"
1622,ATRIO - QBO,2019,marzo,ADM002-MULTIPLICADOR PROMEDIO,"0,9100"
1622,ATRIO - QBO,2019,abril,ADM002-MULTIPLICADOR PROMEDIO,"0,9900"
1623,C.C. VIVA LA CEJA,2019,febrero,ADM002-MULTIPLICADOR PROMEDIO,"2,3500"
1623,C.C. VIVA LA CEJA,2019,marzo,ADM002-MULTIPLICADOR PROMEDIO,"2,3500"
1623,C.C. VIVA LA CEJA,2019,abril,ADM002-MULTIPLICADOR PROMEDIO,"2,3500"
1624,CEDI EXITO DE PEREIRA,2019,febrero,ADM002-MULTIPLICADOR PROMEDIO,"1,7900"
1624,CEDI EXITO DE PEREIRA,2019,marzo,ADM002-MULTIPLICADOR PROMEDIO,"1,7900"
1624,CEDI EXITO DE PEREIRA,2019,abril,ADM002-MULTIPLICADOR PROMEDIO,"1,7900"
1625,ET - CAN,2019,febrero,ADM002-MULTIPLICADOR PROMEDIO,"3,1600"
1625,ET - CAN,2019,marzo,ADM002-MULTIPLICADOR PROMEDIO,"3,1600"
1625,ET - CAN,2019,abril,ADM002-MULTIPLICADOR PROMEDIO,"3,1600"
1626,URBAIN 52,2019,febrero,ADM002-MULTIPLICADOR PROMEDIO,"-0,0600"
1626,URBAIN 52,2019,marzo,ADM002-MULTIPLICADOR PROMEDIO,"-0,0600"
1626,URBAIN 52,2019,abril,ADM002-MULTIPLICADOR PROMEDIO,"-0,0600"
1627,CENTRAL POINT,2019,febrero,ADM002-MULTIPLICADOR PROMEDIO,"1,9900"
1627,CENTRAL POINT,2019,marzo,ADM002-MULTIPLICADOR PROMEDIO,"1,9900"
1627,CENTRAL POINT,2019,abril,ADM002-MULTIPLICADOR PROMEDIO,"1,9900"
1628,DAVINCI SORIANO,2019,febrero,ADM002-MULTIPLICADOR PROMEDIO,"0,4100"
1628,DAVINCI SORIANO,2019,marzo,ADM002-MULTIPLICADOR PROMEDIO,"0,4100"
1628,DAVINCI SORIANO,2019,abril,ADM002-MULTIPLICADOR PROMEDIO,"0,4100"
1629,MODULOS U. DEL ROSARIO,2019,febrero,ADM002-MULTIPLICADOR PROMEDIO,"1,8200"
1629,MODULOS U. DEL ROSARIO,2019,marzo,ADM002-MULTIPLICADOR PROMEDIO,"1,8200"
1629,MODULOS U. DEL ROSARIO,2019,abril,ADM002-MULTIPLICADOR PROMEDIO,"1,8200"
1631,BLOQUE C - UNIANDES,2019,febrero,ADM002-MULTIPLICADOR PROMEDIO,"2,4900"
1631,BLOQUE C - UNIANDES,2019,marzo,ADM002-MULTIPLICADOR PROMEDIO,"2,4900"
1631,BLOQUE C - UNIANDES,2019,abril,ADM002-MULTIPLICADOR PROMEDIO,"2,4900"
1632,URBANISMO NOVICIADO,2019,febrero,ADM002-MULTIPLICADOR PROMEDIO,"4,8800"
1632,URBANISMO NOVICIADO,2019,marzo,ADM002-MULTIPLICADOR PROMEDIO,"4,8800"
1632,URBANISMO NOVICIADO,2019,abril,ADM002-MULTIPLICADOR PROMEDIO,"4,8800"
1633,TORRE DE OFICINAS FUTURA,2019,febrero,ADM002-MULTIPLICADOR PROMEDIO,"1,5100"
1633,TORRE DE OFICINAS FUTURA,2019,marzo,ADM002-MULTIPLICADOR PROMEDIO,"1,5100"
1633,TORRE DE OFICINAS FUTURA,2019,abril,ADM002-MULTIPLICADOR PROMEDIO,"1,5100"
1634,BODEGA GUILLERMOS SERRANO,2019,febrero,ADM002-MULTIPLICADOR PROMEDIO,"1,5000"
1634,BODEGA GUILLERMOS SERRANO,2019,marzo,ADM002-MULTIPLICADOR PROMEDIO,"1,5000"
1634,BODEGA GUILLERMOS SERRANO,2019,abril,ADM002-MULTIPLICADOR PROMEDIO,"1,5000"
1635,CENTRO COMERCIAL SOACHA,2019,febrero,ADM002-MULTIPLICADOR PROMEDIO,"3,4700"
1635,CENTRO COMERCIAL SOACHA,2019,marzo,ADM002-MULTIPLICADOR PROMEDIO,"3,4700"
1635,CENTRO COMERCIAL SOACHA,2019,abril,ADM002-MULTIPLICADOR PROMEDIO,"3,4700"
1636,C.C. SUR BARRANQUILLA,2019,febrero,ADM002-MULTIPLICADOR PROMEDIO,"1,2100"
1636,C.C. SUR BARRANQUILLA,2019,marzo,ADM002-MULTIPLICADOR PROMEDIO,"1,2100"
1636,C.C. SUR BARRANQUILLA,2019,abril,ADM002-MULTIPLICADOR PROMEDIO,"1,2100"
1637,CENTRO EMPRESARIAL SANTA INES,2019,febrero,ADM002-MULTIPLICADOR PROMEDIO,"0,6300"
1637,CENTRO EMPRESARIAL SANTA INES,2019,marzo,ADM002-MULTIPLICADOR PROMEDIO,"0,6300"
1637,CENTRO EMPRESARIAL SANTA INES,2019,abril,ADM002-MULTIPLICADOR PROMEDIO,"0,6300"
1638,FALABELLA FONTANAR CHIA,2019,febrero,ADM002-MULTIPLICADOR PROMEDIO,"1,2200"
1638,FALABELLA FONTANAR CHIA,2019,marzo,ADM002-MULTIPLICADOR PROMEDIO,"1,2200"
1638,FALABELLA FONTANAR CHIA,2019,abril,ADM002-MULTIPLICADOR PROMEDIO,"1,2200"
1639,FALABELLA JARDIN PLAZA CALI,2019,febrero,ADM002-MULTIPLICADOR PROMEDIO,"1,6000"
1639,FALABELLA JARDIN PLAZA CALI,2019,marzo,ADM002-MULTIPLICADOR PROMEDIO,"1,6000"
1639,FALABELLA JARDIN PLAZA CALI,2019,abril,ADM002-MULTIPLICADOR PROMEDIO,"1,6000"
1647,C. CORP SERENA DEL MAR G OBRA,2019,febrero,ADM002-MULTIPLICADOR PROMEDIO,"4,3300"
1647,C. CORP SERENA DEL MAR G OBRA,2019,marzo,ADM002-MULTIPLICADOR PROMEDIO,"3,9000"
1647,C. CORP SERENA DEL MAR G OBRA,2019,abril,ADM002-MULTIPLICADOR PROMEDIO,"3,9000"
1648,ARTURO CALLE SANTA MARTA,2019,febrero,ADM002-MULTIPLICADOR PROMEDIO,"3,9300"
1648,ARTURO CALLE SANTA MARTA,2019,marzo,ADM002-MULTIPLICADOR PROMEDIO,"3,9300"
1648,ARTURO CALLE SANTA MARTA,2019,abril,ADM002-MULTIPLICADOR PROMEDIO,"3,9300"
1649,ARTURO CALLE FONTANAR,2019,febrero,ADM002-MULTIPLICADOR PROMEDIO,"5,8200"
1649,ARTURO CALLE FONTANAR,2019,marzo,ADM002-MULTIPLICADOR PROMEDIO,"5,8200"
1649,ARTURO CALLE FONTANAR,2019,abril,ADM002-MULTIPLICADOR PROMEDIO,"5,8200"
1650,ARTURO CALLE MEDELLIN MAYORCA,2019,febrero,ADM002-MULTIPLICADOR PROMEDIO,"2,9500"
1650,ARTURO CALLE MEDELLIN MAYORCA,2019,marzo,ADM002-MULTIPLICADOR PROMEDIO,"2,9500"
1650,ARTURO CALLE MEDELLIN MAYORCA,2019,abril,ADM002-MULTIPLICADOR PROMEDIO,"2,9500"
1651,ARTURO CALLE VALLEDUPAR,2019,febrero,ADM002-MULTIPLICADOR PROMEDIO,"104,7500"
1651,ARTURO CALLE VALLEDUPAR,2019,marzo,ADM002-MULTIPLICADOR PROMEDIO,"104,7500"
1651,ARTURO CALLE VALLEDUPAR,2019,abril,ADM002-MULTIPLICADOR PROMEDIO,"104,7500"
1652,ARTURO CALLE CASTELLANA CARTAG,2019,febrero,ADM002-MULTIPLICADOR PROMEDIO,"5,1700"
1652,ARTURO CALLE CASTELLANA CARTAG,2019,marzo,ADM002-MULTIPLICADOR PROMEDIO,"5,1700"
1652,ARTURO CALLE CASTELLANA CARTAG,2019,abril,ADM002-MULTIPLICADOR PROMEDIO,"5,1700"
1653,MARTINIQUE CARTAGENA,2019,febrero,ADM002-MULTIPLICADOR PROMEDIO,"10,9500"
1653,MARTINIQUE CARTAGENA,2019,marzo,ADM002-MULTIPLICADOR PROMEDIO,"10,9500"
1653,MARTINIQUE CARTAGENA,2019,abril,ADM002-MULTIPLICADOR PROMEDIO,"10,9500"
1654,HOTEL KARIBANA CARTAGENA,2019,febrero,ADM002-MULTIPLICADOR PROMEDIO,"1,6300"
1654,HOTEL KARIBANA CARTAGENA,2019,marzo,ADM002-MULTIPLICADOR PROMEDIO,"1,6300"
1654,HOTEL KARIBANA CARTAGENA,2019,abril,ADM002-MULTIPLICADOR PROMEDIO,"1,6300"
1655,HANGAR AVIANCA RIONEGRO,2019,febrero,ADM002-MULTIPLICADOR PROMEDIO,"1,9900"
1655,HANGAR AVIANCA RIONEGRO,2019,marzo,ADM002-MULTIPLICADOR PROMEDIO,"1,9900"
1655,HANGAR AVIANCA RIONEGRO,2019,abril,ADM002-MULTIPLICADOR PROMEDIO,"1,9900"
1656,TELESKOP,2019,febrero,ADM002-MULTIPLICADOR PROMEDIO,"1,6100"
1656,TELESKOP,2019,marzo,ADM002-MULTIPLICADOR PROMEDIO,"1,6200"
1656,TELESKOP,2019,abril,ADM002-MULTIPLICADOR PROMEDIO,"1,6200"
1657,CASA CARDENAS,2019,febrero,ADM002-MULTIPLICADOR PROMEDIO,"5,8400"
1657,CASA CARDENAS,2019,marzo,ADM002-MULTIPLICADOR PROMEDIO,"5,8400"
1657,CASA CARDENAS,2019,abril,ADM002-MULTIPLICADOR PROMEDIO,"5,8400"
1658,TERRANOVA CHIA,2019,febrero,ADM002-MULTIPLICADOR PROMEDIO,"24,6900"
1658,TERRANOVA CHIA,2019,marzo,ADM002-MULTIPLICADOR PROMEDIO,"24,6900"
1658,TERRANOVA CHIA,2019,abril,ADM002-MULTIPLICADOR PROMEDIO,"24,6900"
1660,HOMECENTER CARTAGENA,2019,febrero,ADM002-MULTIPLICADOR PROMEDIO,"1,8100"
1660,HOMECENTER CARTAGENA,2019,marzo,ADM002-MULTIPLICADOR PROMEDIO,"1,8100"
1660,HOMECENTER CARTAGENA,2019,abril,ADM002-MULTIPLICADOR PROMEDIO,"1,8100"
1663,AMPLIA. PLAZA DE LAS AMERICAS,2019,febrero,ADM002-MULTIPLICADOR PROMEDIO,"1,9600"
1663,AMPLIA. PLAZA DE LAS AMERICAS,2019,marzo,ADM002-MULTIPLICADOR PROMEDIO,"1,9600"
1663,AMPLIA. PLAZA DE LAS AMERICAS,2019,abril,ADM002-MULTIPLICADOR PROMEDIO,"1,9600"
1667,CALLE 93 ASYS - HEMA,2019,febrero,ADM002-MULTIPLICADOR PROMEDIO,"0,9800"
1667,CALLE 93 ASYS - HEMA,2019,marzo,ADM002-MULTIPLICADOR PROMEDIO,"0,9800"
1667,CALLE 93 ASYS - HEMA,2019,abril,ADM002-MULTIPLICADOR PROMEDIO,"0,9800"
1668,PARQUE INDUSTRIAL TERRAPUERTO,2019,febrero,ADM002-MULTIPLICADOR PROMEDIO,"1,6800"
1668,PARQUE INDUSTRIAL TERRAPUERTO,2019,marzo,ADM002-MULTIPLICADOR PROMEDIO,"1,6800"
1668,PARQUE INDUSTRIAL TERRAPUERTO,2019,abril,ADM002-MULTIPLICADOR PROMEDIO,"1,6800"
1670,PLAN NAL DE INFRAESTRUCTURA ED,2019,febrero,ADM002-MULTIPLICADOR PROMEDIO,"2,3000"
1670,PLAN NAL DE INFRAESTRUCTURA ED,2019,marzo,ADM002-MULTIPLICADOR PROMEDIO,"2,3100"
1670,PLAN NAL DE INFRAESTRUCTURA ED,2019,abril,ADM002-MULTIPLICADOR PROMEDIO,"2,3400"
1672,AMPLI. TERRAZA DE COMIDAS HAYU,2019,febrero,ADM002-MULTIPLICADOR PROMEDIO,"2,4300"
1672,AMPLI. TERRAZA DE COMIDAS HAYU,2019,marzo,ADM002-MULTIPLICADOR PROMEDIO,"2,4300"
1672,AMPLI. TERRAZA DE COMIDAS HAYU,2019,abril,ADM002-MULTIPLICADOR PROMEDIO,"2,4300"
1674,SAN ROQUE,2019,febrero,ADM002-MULTIPLICADOR PROMEDIO,"0,6900"
1674,SAN ROQUE,2019,marzo,ADM002-MULTIPLICADOR PROMEDIO,"0,6900"
1674,SAN ROQUE,2019,abril,ADM002-MULTIPLICADOR PROMEDIO,"0,6900"
1676,HOMECENTER BARRANQUILLA,2019,febrero,ADM002-MULTIPLICADOR PROMEDIO,"1,4800"
1676,HOMECENTER BARRANQUILLA,2019,marzo,ADM002-MULTIPLICADOR PROMEDIO,"1,4800"
1676,HOMECENTER BARRANQUILLA,2019,abril,ADM002-MULTIPLICADOR PROMEDIO,"1,4800"
1677,PLAZA CREA Y SUEÑA ANDINO,2019,febrero,ADM002-MULTIPLICADOR PROMEDIO,"3,3200"
1677,PLAZA CREA Y SUEÑA ANDINO,2019,marzo,ADM002-MULTIPLICADOR PROMEDIO,"3,3200"
1677,PLAZA CREA Y SUEÑA ANDINO,2019,abril,ADM002-MULTIPLICADOR PROMEDIO,"3,3200"
1678,A.C. VILLAVICENCIO PRIMAVERA,2019,febrero,ADM002-MULTIPLICADOR PROMEDIO,"2,6200"
1678,A.C. VILLAVICENCIO PRIMAVERA,2019,marzo,ADM002-MULTIPLICADOR PROMEDIO,"2,6200"
1678,A.C. VILLAVICENCIO PRIMAVERA,2019,abril,ADM002-MULTIPLICADOR PROMEDIO,"2,6200"
1679,A.C. CALI PALMETO,2019,febrero,ADM002-MULTIPLICADOR PROMEDIO,"3,8100"
1679,A.C. CALI PALMETO,2019,marzo,ADM002-MULTIPLICADOR PROMEDIO,"3,8100"
1679,A.C. CALI PALMETO,2019,abril,ADM002-MULTIPLICADOR PROMEDIO,"3,8100"
1680,A.C. VIVA BARRANQUILLA,2019,febrero,ADM002-MULTIPLICADOR PROMEDIO,"3,6300"
1680,A.C. VIVA BARRANQUILLA,2019,marzo,ADM002-MULTIPLICADOR PROMEDIO,"3,6300"
1680,A.C. VIVA BARRANQUILLA,2019,abril,ADM002-MULTIPLICADOR PROMEDIO,"3,6300"
1681,A.C. PLAZA CENTRAL BOGOTA,2019,febrero,ADM002-MULTIPLICADOR PROMEDIO,"1,6600"
1681,A.C. PLAZA CENTRAL BOGOTA,2019,marzo,ADM002-MULTIPLICADOR PROMEDIO,"1,6600"
1681,A.C. PLAZA CENTRAL BOGOTA,2019,abril,ADM002-MULTIPLICADOR PROMEDIO,"1,6600"
1682,A.C. CAMPANARIO POPAYAN,2019,febrero,ADM002-MULTIPLICADOR PROMEDIO,"3,4000"
1682,A.C. CAMPANARIO POPAYAN,2019,marzo,ADM002-MULTIPLICADOR PROMEDIO,"3,4000"
1682,A.C. CAMPANARIO POPAYAN,2019,abril,ADM002-MULTIPLICADOR PROMEDIO,"3,4000"
1683,A.C. UNICENTRO NEIVA,2019,febrero,ADM002-MULTIPLICADOR PROMEDIO,"3,0100"
1683,A.C. UNICENTRO NEIVA,2019,marzo,ADM002-MULTIPLICADOR PROMEDIO,"3,0100"
1683,A.C. UNICENTRO NEIVA,2019,abril,ADM002-MULTIPLICADOR PROMEDIO,"3,0100"
1685,A.C. LA FELICIDAD BOGOTA,2019,febrero,ADM002-MULTIPLICADOR PROMEDIO,"1,4100"
1685,A.C. LA FELICIDAD BOGOTA,2019,marzo,ADM002-MULTIPLICADOR PROMEDIO,"1,4100"
1685,A.C. LA FELICIDAD BOGOTA,2019,abril,ADM002-MULTIPLICADOR PROMEDIO,"1,4100"
1686,CENTRO EMPRESARIAL CALLE 80,2019,febrero,ADM002-MULTIPLICADOR PROMEDIO,"1,7400"
1686,CENTRO EMPRESARIAL CALLE 80,2019,marzo,ADM002-MULTIPLICADOR PROMEDIO,"1,7400"
1686,CENTRO EMPRESARIAL CALLE 80,2019,abril,ADM002-MULTIPLICADOR PROMEDIO,"1,7200"
1687,COLSUBSIDIO LA COLINA,2019,febrero,ADM002-MULTIPLICADOR PROMEDIO,"1,6700"
1687,COLSUBSIDIO LA COLINA,2019,marzo,ADM002-MULTIPLICADOR PROMEDIO,"1,6900"
1687,COLSUBSIDIO LA COLINA,2019,abril,ADM002-MULTIPLICADOR PROMEDIO,"1,6600"
1688,CENTRO DISTR. JERONIMO MARTINS,2019,febrero,ADM002-MULTIPLICADOR PROMEDIO,"110,9900"
1688,CENTRO DISTR. JERONIMO MARTINS,2019,marzo,ADM002-MULTIPLICADOR PROMEDIO,"110,9900"
1688,CENTRO DISTR. JERONIMO MARTINS,2019,abril,ADM002-MULTIPLICADOR PROMEDIO,"110,9900"
1689,HOTEL HILTON SANTA MARTA,2019,febrero,ADM002-MULTIPLICADOR PROMEDIO,"2,0500"
1689,HOTEL HILTON SANTA MARTA,2019,marzo,ADM002-MULTIPLICADOR PROMEDIO,"2,0300"
1689,HOTEL HILTON SANTA MARTA,2019,abril,ADM002-MULTIPLICADOR PROMEDIO,"2,0100"
1690,C.C. NUESTRO MONTERIA,2019,febrero,ADM002-MULTIPLICADOR PROMEDIO,"7,4900"
1690,C.C. NUESTRO MONTERIA,2019,marzo,ADM002-MULTIPLICADOR PROMEDIO,"7,4900"
1690,C.C. NUESTRO MONTERIA,2019,abril,ADM002-MULTIPLICADOR PROMEDIO,"7,4900"
1691,HOTEL AMURA CARTAGENA,2019,febrero,ADM002-MULTIPLICADOR PROMEDIO,"2,3800"
1691,HOTEL AMURA CARTAGENA,2019,marzo,ADM002-MULTIPLICADOR PROMEDIO,"2,3800"
1691,HOTEL AMURA CARTAGENA,2019,abril,ADM002-MULTIPLICADOR PROMEDIO,"2,3800"
1692,OF. FONDO INMOBILIARIO COLOMBI,2019,febrero,ADM002-MULTIPLICADOR PROMEDIO,"10,4300"
1692,OF. FONDO INMOBILIARIO COLOMBI,2019,marzo,ADM002-MULTIPLICADOR PROMEDIO,"10,4300"
1692,OF. FONDO INMOBILIARIO COLOMBI,2019,abril,ADM002-MULTIPLICADOR PROMEDIO,"10,4300"
1693,CENTRO COMERCIAL ALEGRA BARRAN,2019,febrero,ADM002-MULTIPLICADOR PROMEDIO,"1,4800"
1693,CENTRO COMERCIAL ALEGRA BARRAN,2019,marzo,ADM002-MULTIPLICADOR PROMEDIO,"1,4800"
1693,CENTRO COMERCIAL ALEGRA BARRAN,2019,abril,ADM002-MULTIPLICADOR PROMEDIO,"1,4800"
1694,LA RESOLANA CASA 3 Y 8,2019,febrero,ADM002-MULTIPLICADOR PROMEDIO,"2,2100"
1694,LA RESOLANA CASA 3 Y 8,2019,marzo,ADM002-MULTIPLICADOR PROMEDIO,"2,2100"
1694,LA RESOLANA CASA 3 Y 8,2019,abril,ADM002-MULTIPLICADOR PROMEDIO,"2,2100"
1695,FALABELLA LA COLINA,2019,febrero,ADM002-MULTIPLICADOR PROMEDIO,"1,7000"
1695,FALABELLA LA COLINA,2019,marzo,ADM002-MULTIPLICADOR PROMEDIO,"1,7000"
1695,FALABELLA LA COLINA,2019,abril,ADM002-MULTIPLICADOR PROMEDIO,"1,7000"
1696,EDIFICIO 91.11 ARPRO,2019,febrero,ADM002-MULTIPLICADOR PROMEDIO,"1,2900"
1696,EDIFICIO 91.11 ARPRO,2019,marzo,ADM002-MULTIPLICADOR PROMEDIO,"1,2900"
1696,EDIFICIO 91.11 ARPRO,2019,abril,ADM002-MULTIPLICADOR PROMEDIO,"1,2900"
1698,PARQUEADERO GATA GOLOSA,2019,febrero,ADM002-MULTIPLICADOR PROMEDIO,"1,7900"
1698,PARQUEADERO GATA GOLOSA,2019,marzo,ADM002-MULTIPLICADOR PROMEDIO,"1,7900"
1698,PARQUEADERO GATA GOLOSA,2019,abril,ADM002-MULTIPLICADOR PROMEDIO,"1,7900"
1699,APARTAMENTO CHIA,2019,febrero,ADM002-MULTIPLICADOR PROMEDIO,"3,0300"
1699,APARTAMENTO CHIA,2019,marzo,ADM002-MULTIPLICADOR PROMEDIO,"3,0300"
1699,APARTAMENTO CHIA,2019,abril,ADM002-MULTIPLICADOR PROMEDIO,"3,0300"
1700,MINIS DE EDUCACION FFIE 006,2019,febrero,ADM002-MULTIPLICADOR PROMEDIO,"0,7100"
1700,MINIS DE EDUCACION FFIE 006,2019,marzo,ADM002-MULTIPLICADOR PROMEDIO,"0,7100"
1700,MINIS DE EDUCACION FFIE 006,2019,abril,ADM002-MULTIPLICADOR PROMEDIO,"0,7100"
1701,CAMPUS POLITECNICO GRANCOLOMBI,2019,febrero,ADM002-MULTIPLICADOR PROMEDIO,"2,2000"
1701,CAMPUS POLITECNICO GRANCOLOMBI,2019,marzo,ADM002-MULTIPLICADOR PROMEDIO,"2,1700"
1701,CAMPUS POLITECNICO GRANCOLOMBI,2019,abril,ADM002-MULTIPLICADOR PROMEDIO,"2,1500"
1702,HOTEL EL ALCARAVAN,2019,febrero,ADM002-MULTIPLICADOR PROMEDIO,"22,0100"
1702,HOTEL EL ALCARAVAN,2019,marzo,ADM002-MULTIPLICADOR PROMEDIO,"22,0100"
1702,HOTEL EL ALCARAVAN,2019,abril,ADM002-MULTIPLICADOR PROMEDIO,"22,0100"
1703,REMODELACION C. C. TUNAL,2019,febrero,ADM002-MULTIPLICADOR PROMEDIO,"0,9900"
1703,REMODELACION C. C. TUNAL,2019,marzo,ADM002-MULTIPLICADOR PROMEDIO,"0,9900"
1703,REMODELACION C. C. TUNAL,2019,abril,ADM002-MULTIPLICADOR PROMEDIO,"0,9900"
1704,LOS COCHES,2019,febrero,ADM002-MULTIPLICADOR PROMEDIO,"2,3800"
1704,LOS COCHES,2019,marzo,ADM002-MULTIPLICADOR PROMEDIO,"2,3800"
1704,LOS COCHES,2019,abril,ADM002-MULTIPLICADOR PROMEDIO,"2,3800"
1705,SALAMANCA Y CATALAYUD,2019,febrero,ADM002-MULTIPLICADOR PROMEDIO,"2,6700"
1705,SALAMANCA Y CATALAYUD,2019,marzo,ADM002-MULTIPLICADOR PROMEDIO,"2,6700"
1705,SALAMANCA Y CATALAYUD,2019,abril,ADM002-MULTIPLICADOR PROMEDIO,"2,6700"
1706,MINEDUCACION FFIE 006 GR7,2019,febrero,ADM002-MULTIPLICADOR PROMEDIO,"0,5700"
1706,MINEDUCACION FFIE 006 GR7,2019,marzo,ADM002-MULTIPLICADOR PROMEDIO,"0,6300"
1706,MINEDUCACION FFIE 006 GR7,2019,abril,ADM002-MULTIPLICADOR PROMEDIO,"0,6200"
1707,TOTEM 126,2019,febrero,ADM002-MULTIPLICADOR PROMEDIO,"2,0900"
1707,TOTEM 126,2019,marzo,ADM002-MULTIPLICADOR PROMEDIO,"2,0900"
1707,TOTEM 126,2019,abril,ADM002-MULTIPLICADOR PROMEDIO,"2,0900"
1708,BELLA TERRA,2019,febrero,ADM002-MULTIPLICADOR PROMEDIO,"1,3200"
1708,BELLA TERRA,2019,marzo,ADM002-MULTIPLICADOR PROMEDIO,"1,3200"
1708,BELLA TERRA,2019,abril,ADM002-MULTIPLICADOR PROMEDIO,"1,3200"
1709,HOSPITAL ARANJUEZ,2019,febrero,ADM002-MULTIPLICADOR PROMEDIO,"0,8000"
1709,HOSPITAL ARANJUEZ,2019,marzo,ADM002-MULTIPLICADOR PROMEDIO,"0,8000"
1709,HOSPITAL ARANJUEZ,2019,abril,ADM002-MULTIPLICADOR PROMEDIO,"0,8000"
1710,CAMPUS UNIVERSIDAD CENTRAL,2019,febrero,ADM002-MULTIPLICADOR PROMEDIO,"2,3500"
1710,CAMPUS UNIVERSIDAD CENTRAL,2019,marzo,ADM002-MULTIPLICADOR PROMEDIO,"2,3500"
1710,CAMPUS UNIVERSIDAD CENTRAL,2019,abril,ADM002-MULTIPLICADOR PROMEDIO,"2,3500"
1711,EDIFICIO LA SALUD,2019,febrero,ADM002-MULTIPLICADOR PROMEDIO,"2,4500"
1711,EDIFICIO LA SALUD,2019,marzo,ADM002-MULTIPLICADOR PROMEDIO,"2,4500"
1711,EDIFICIO LA SALUD,2019,abril,ADM002-MULTIPLICADOR PROMEDIO,"2,4500"
1712,EXTERIORES QUINTAS DE MUTIS,2019,febrero,ADM002-MULTIPLICADOR PROMEDIO,"88,9300"
1712,EXTERIORES QUINTAS DE MUTIS,2019,marzo,ADM002-MULTIPLICADOR PROMEDIO,"88,9300"
1712,EXTERIORES QUINTAS DE MUTIS,2019,abril,ADM002-MULTIPLICADOR PROMEDIO,"88,9300"
1713,USTA-TUNJA,2019,febrero,ADM002-MULTIPLICADOR PROMEDIO,"2,0500"
1713,USTA-TUNJA,2019,marzo,ADM002-MULTIPLICADOR PROMEDIO,"2,1500"
1713,USTA-TUNJA,2019,abril,ADM002-MULTIPLICADOR PROMEDIO,"2,1500"
1714,"REMO, CORRED PLAZOLETA AMERICA",2019,febrero,ADM002-MULTIPLICADOR PROMEDIO,"2,4600"
1714,"REMO, CORRED PLAZOLETA AMERICA",2019,marzo,ADM002-MULTIPLICADOR PROMEDIO,"2,4100"
1714,"REMO, CORRED PLAZOLETA AMERICA",2019,abril,ADM002-MULTIPLICADOR PROMEDIO,"2,4600"
1715,GERENCIA INTEGRAL UNIANDES,2019,febrero,ADM002-MULTIPLICADOR PROMEDIO,"1,9500"
1715,GERENCIA INTEGRAL UNIANDES,2019,marzo,ADM002-MULTIPLICADOR PROMEDIO,"1,9600"
1715,GERENCIA INTEGRAL UNIANDES,2019,abril,ADM002-MULTIPLICADOR PROMEDIO,"1,9700"
1717,ESTACION DE SERVICIO,2019,febrero,ADM002-MULTIPLICADOR PROMEDIO,"1,9300"
1717,ESTACION DE SERVICIO,2019,marzo,ADM002-MULTIPLICADOR PROMEDIO,"1,9300"
1717,ESTACION DE SERVICIO,2019,abril,ADM002-MULTIPLICADOR PROMEDIO,"1,9300"
1719,RENOVACION URBANA CIU. SALITRE,2019,febrero,ADM002-MULTIPLICADOR PROMEDIO,"2,2200"
1719,RENOVACION URBANA CIU. SALITRE,2019,marzo,ADM002-MULTIPLICADOR PROMEDIO,"2,2200"
1719,RENOVACION URBANA CIU. SALITRE,2019,abril,ADM002-MULTIPLICADOR PROMEDIO,"2,2200"
1720,VIA DEPRIMIDA CARRERA 57,2019,febrero,ADM002-MULTIPLICADOR PROMEDIO,"1,8300"
1720,VIA DEPRIMIDA CARRERA 57,2019,marzo,ADM002-MULTIPLICADOR PROMEDIO,"1,8200"
1720,VIA DEPRIMIDA CARRERA 57,2019,abril,ADM002-MULTIPLICADOR PROMEDIO,"1,8200"
1721,BODEGA ESFERD,2019,febrero,ADM002-MULTIPLICADOR PROMEDIO,"1,8000"
1721,BODEGA ESFERD,2019,marzo,ADM002-MULTIPLICADOR PROMEDIO,"1,8000"
1721,BODEGA ESFERD,2019,abril,ADM002-MULTIPLICADOR PROMEDIO,"1,8000"
1722,BODEGA CELTA GUILLERMO SERRANO,2019,febrero,ADM002-MULTIPLICADOR PROMEDIO,"2,4200"
1722,BODEGA CELTA GUILLERMO SERRANO,2019,marzo,ADM002-MULTIPLICADOR PROMEDIO,"2,4200"
1722,BODEGA CELTA GUILLERMO SERRANO,2019,abril,ADM002-MULTIPLICADOR PROMEDIO,"2,4200"
1723,EDIFICIO SANTA MARIA,2019,febrero,ADM002-MULTIPLICADOR PROMEDIO,"1,8900"
1723,EDIFICIO SANTA MARIA,2019,marzo,ADM002-MULTIPLICADOR PROMEDIO,"1,9000"
1723,EDIFICIO SANTA MARIA,2019,abril,ADM002-MULTIPLICADOR PROMEDIO,"1,8300"
1724,PRESPT DEFINITIVO CLI. LA SABA,2019,febrero,ADM002-MULTIPLICADOR PROMEDIO,"2,9200"
1724,PRESPT DEFINITIVO CLI. LA SABA,2019,marzo,ADM002-MULTIPLICADOR PROMEDIO,"2,9200"
1724,PRESPT DEFINITIVO CLI. LA SABA,2019,abril,ADM002-MULTIPLICADOR PROMEDIO,"2,9200"
1725,LOTE SF1 SERENA DEL MAR,2019,febrero,ADM002-MULTIPLICADOR PROMEDIO,"5,4200"
1725,LOTE SF1 SERENA DEL MAR,2019,marzo,ADM002-MULTIPLICADOR PROMEDIO,"5,4200"
1725,LOTE SF1 SERENA DEL MAR,2019,abril,ADM002-MULTIPLICADOR PROMEDIO,"5,4200"
1726,CENTRO COMERCIAL LAS PALMAS,2019,febrero,ADM002-MULTIPLICADOR PROMEDIO,"2,6000"
1726,CENTRO COMERCIAL LAS PALMAS,2019,marzo,ADM002-MULTIPLICADOR PROMEDIO,"2,6000"
1726,CENTRO COMERCIAL LAS PALMAS,2019,abril,ADM002-MULTIPLICADOR PROMEDIO,"2,6000"
1727,K5 CALLE 32,2019,febrero,ADM002-MULTIPLICADOR PROMEDIO,"3,0200"
1727,K5 CALLE 32,2019,marzo,ADM002-MULTIPLICADOR PROMEDIO,"3,0200"
1727,K5 CALLE 32,2019,abril,ADM002-MULTIPLICADOR PROMEDIO,"3,0200"
1728,ARTURO CALLE PARQUE LA COLINA,2019,febrero,ADM002-MULTIPLICADOR PROMEDIO,"3,7700"
1728,ARTURO CALLE PARQUE LA COLINA,2019,marzo,ADM002-MULTIPLICADOR PROMEDIO,"3,7700"
1728,ARTURO CALLE PARQUE LA COLINA,2019,abril,ADM002-MULTIPLICADOR PROMEDIO,"3,7700"
1729,ARTURO CALLE FLORIDA BLANCA,2019,febrero,ADM002-MULTIPLICADOR PROMEDIO,"3,8500"
1729,ARTURO CALLE FLORIDA BLANCA,2019,marzo,ADM002-MULTIPLICADOR PROMEDIO,"3,8500"
1729,ARTURO CALLE FLORIDA BLANCA,2019,abril,ADM002-MULTIPLICADOR PROMEDIO,"3,8500"
1730,PLAZOLETA DE COMIDAD C.C ANDIN,2019,febrero,ADM002-MULTIPLICADOR PROMEDIO,"3,8600"
1730,PLAZOLETA DE COMIDAD C.C ANDIN,2019,marzo,ADM002-MULTIPLICADOR PROMEDIO,"3,8600"
1730,PLAZOLETA DE COMIDAD C.C ANDIN,2019,abril,ADM002-MULTIPLICADOR PROMEDIO,"3,8600"
1731,SJM,2019,febrero,ADM002-MULTIPLICADOR PROMEDIO,"3,0400"
1731,SJM,2019,marzo,ADM002-MULTIPLICADOR PROMEDIO,"3,0400"
1731,SJM,2019,abril,ADM002-MULTIPLICADOR PROMEDIO,"3,0400"
1732,ZONAS EXTERIORES C.C. ANDINO,2019,febrero,ADM002-MULTIPLICADOR PROMEDIO,"0,4800"
1732,ZONAS EXTERIORES C.C. ANDINO,2019,marzo,ADM002-MULTIPLICADOR PROMEDIO,"0,4800"
1732,ZONAS EXTERIORES C.C. ANDINO,2019,abril,ADM002-MULTIPLICADOR PROMEDIO,"0,4800"
1733,ASESORIAS ESPECIALIZADAS U. RO,2019,febrero,ADM002-MULTIPLICADOR PROMEDIO,"11,8100"
1733,ASESORIAS ESPECIALIZADAS U. RO,2019,marzo,ADM002-MULTIPLICADOR PROMEDIO,"11,8100"
1733,ASESORIAS ESPECIALIZADAS U. RO,2019,abril,ADM002-MULTIPLICADOR PROMEDIO,"11,8100"
1734,HOTEL DE LUJO GETSEMANI,2019,febrero,ADM002-MULTIPLICADOR PROMEDIO,"1,7700"
1734,HOTEL DE LUJO GETSEMANI,2019,marzo,ADM002-MULTIPLICADOR PROMEDIO,"1,7200"
1734,HOTEL DE LUJO GETSEMANI,2019,abril,ADM002-MULTIPLICADOR PROMEDIO,"1,7100"
1735,CONCESIONARIO SERENA DEL MAR,2019,febrero,ADM002-MULTIPLICADOR PROMEDIO,"2,7700"
1735,CONCESIONARIO SERENA DEL MAR,2019,marzo,ADM002-MULTIPLICADOR PROMEDIO,"2,7700"
1735,CONCESIONARIO SERENA DEL MAR,2019,abril,ADM002-MULTIPLICADOR PROMEDIO,"2,7700"
1736,TORRE EMPRESARIAL UNICENTRO,2019,febrero,ADM002-MULTIPLICADOR PROMEDIO,"0,0000"
1736,TORRE EMPRESARIAL UNICENTRO,2019,marzo,ADM002-MULTIPLICADOR PROMEDIO,"0,0000"
1736,TORRE EMPRESARIAL UNICENTRO,2019,abril,ADM002-MULTIPLICADOR PROMEDIO,"0,0000"
1737,URBANIZACION TIMIZA,2019,febrero,ADM002-MULTIPLICADOR PROMEDIO,"6,0400"
1737,URBANIZACION TIMIZA,2019,marzo,ADM002-MULTIPLICADOR PROMEDIO,"6,0400"
1737,URBANIZACION TIMIZA,2019,abril,ADM002-MULTIPLICADOR PROMEDIO,"6,0400"
1738,INSTALACIONES CAMPA. PRIN PF1,2019,febrero,ADM002-MULTIPLICADOR PROMEDIO,"3,3400"
1738,INSTALACIONES CAMPA. PRIN PF1,2019,marzo,ADM002-MULTIPLICADOR PROMEDIO,"3,3400"
1738,INSTALACIONES CAMPA. PRIN PF1,2019,abril,ADM002-MULTIPLICADOR PROMEDIO,"3,3400"
1739,EDIFICIO CALLE 93-CRA 15 EXTER,2019,febrero,ADM002-MULTIPLICADOR PROMEDIO,"7,8600"
1739,EDIFICIO CALLE 93-CRA 15 EXTER,2019,marzo,ADM002-MULTIPLICADOR PROMEDIO,"4,7900"
1739,EDIFICIO CALLE 93-CRA 15 EXTER,2019,abril,ADM002-MULTIPLICADOR PROMEDIO,"4,5500"
1740,LA RESOLANA CASA 2,2019,febrero,ADM002-MULTIPLICADOR PROMEDIO,"0,8400"
1740,LA RESOLANA CASA 2,2019,marzo,ADM002-MULTIPLICADOR PROMEDIO,"0,8400"
1740,LA RESOLANA CASA 2,2019,abril,ADM002-MULTIPLICADOR PROMEDIO,"0,8400"
1741,MEGA VITRINA,2019,febrero,ADM002-MULTIPLICADOR PROMEDIO,"5,4700"
1741,MEGA VITRINA,2019,marzo,ADM002-MULTIPLICADOR PROMEDIO,"5,4700"
1741,MEGA VITRINA,2019,abril,ADM002-MULTIPLICADOR PROMEDIO,"5,4700"
1742,"REMO. EDI. LOS VENADOS P6, P7",2019,febrero,ADM002-MULTIPLICADOR PROMEDIO,"13,6800"
1742,"REMO. EDI. LOS VENADOS P6, P7",2019,marzo,ADM002-MULTIPLICADOR PROMEDIO,"13,6800"
1742,"REMO. EDI. LOS VENADOS P6, P7",2019,abril,ADM002-MULTIPLICADOR PROMEDIO,"13,6800"
1743,PISO 3 Y 3M UNIANDES-CEN. COOR,2019,febrero,ADM002-MULTIPLICADOR PROMEDIO,"1,2600"
1743,PISO 3 Y 3M UNIANDES-CEN. COOR,2019,marzo,ADM002-MULTIPLICADOR PROMEDIO,"0,9100"
1743,PISO 3 Y 3M UNIANDES-CEN. COOR,2019,abril,ADM002-MULTIPLICADOR PROMEDIO,"1,3000"
1744,EDIFICIO CALLE 92-11,2019,febrero,ADM002-MULTIPLICADOR PROMEDIO,"2,2000"
1744,EDIFICIO CALLE 92-11,2019,marzo,ADM002-MULTIPLICADOR PROMEDIO,"2,2000"
1744,EDIFICIO CALLE 92-11,2019,abril,ADM002-MULTIPLICADOR PROMEDIO,"2,1900"
1745,VENTURA CARTAGENA,2019,febrero,ADM002-MULTIPLICADOR PROMEDIO,"2,5900"
1745,VENTURA CARTAGENA,2019,marzo,ADM002-MULTIPLICADOR PROMEDIO,"2,5900"
1745,VENTURA CARTAGENA,2019,abril,ADM002-MULTIPLICADOR PROMEDIO,"2,5900"
1748,BEACH RESORT,2019,febrero,ADM002-MULTIPLICADOR PROMEDIO,"1,8900"
1748,BEACH RESORT,2019,marzo,ADM002-MULTIPLICADOR PROMEDIO,"1,8900"
1748,BEACH RESORT,2019,abril,ADM002-MULTIPLICADOR PROMEDIO,"1,8900"
1749,PUENTE PEATONAL,2019,febrero,ADM002-MULTIPLICADOR PROMEDIO,"3,4600"
1749,PUENTE PEATONAL,2019,marzo,ADM002-MULTIPLICADOR PROMEDIO,"3,4600"
1749,PUENTE PEATONAL,2019,abril,ADM002-MULTIPLICADOR PROMEDIO,"3,4600"
1751,IROTAMA TORRE C,2019,febrero,ADM002-MULTIPLICADOR PROMEDIO,"2,0000"
1751,IROTAMA TORRE C,2019,marzo,ADM002-MULTIPLICADOR PROMEDIO,"1,9800"
1751,IROTAMA TORRE C,2019,abril,ADM002-MULTIPLICADOR PROMEDIO,"1,9500"
1753,FACHADAS C. C. ATLANTIS,2019,febrero,ADM002-MULTIPLICADOR PROMEDIO,"2,4300"
1753,FACHADAS C. C. ATLANTIS,2019,marzo,ADM002-MULTIPLICADOR PROMEDIO,"2,4200"
1753,FACHADAS C. C. ATLANTIS,2019,abril,ADM002-MULTIPLICADOR PROMEDIO,"2,4100"
1755,FUNDA. SANTA FE INTEGRACION,2019,febrero,ADM002-MULTIPLICADOR PROMEDIO,"1,5600"
1755,FUNDA. SANTA FE INTEGRACION,2019,marzo,ADM002-MULTIPLICADOR PROMEDIO,"1,4800"
1755,FUNDA. SANTA FE INTEGRACION,2019,abril,ADM002-MULTIPLICADOR PROMEDIO,"1,4200"
1756,CAMPUS UNIVERSIDAD CENTRAL,2019,febrero,ADM002-MULTIPLICADOR PROMEDIO,"1,7000"
1756,CAMPUS UNIVERSIDAD CENTRAL,2019,marzo,ADM002-MULTIPLICADOR PROMEDIO,"1,6700"
1756,CAMPUS UNIVERSIDAD CENTRAL,2019,abril,ADM002-MULTIPLICADOR PROMEDIO,"1,6900"
1757,BOTANIKA,2019,febrero,ADM002-MULTIPLICADOR PROMEDIO,"3,0200"
1757,BOTANIKA,2019,marzo,ADM002-MULTIPLICADOR PROMEDIO,"3,0200"
1757,BOTANIKA,2019,abril,ADM002-MULTIPLICADOR PROMEDIO,"3,0200"
1758,PROYECTOS VARIOS EXTERNADO,2019,febrero,ADM002-MULTIPLICADOR PROMEDIO,"2,5300"
1758,PROYECTOS VARIOS EXTERNADO,2019,marzo,ADM002-MULTIPLICADOR PROMEDIO,"2,4300"
1758,PROYECTOS VARIOS EXTERNADO,2019,abril,ADM002-MULTIPLICADOR PROMEDIO,"2,3600"
1759,REMODELACION BAÑOS,2019,febrero,ADM002-MULTIPLICADOR PROMEDIO,"2,1100"
1759,REMODELACION BAÑOS,2019,marzo,ADM002-MULTIPLICADOR PROMEDIO,"2,1100"
1759,REMODELACION BAÑOS,2019,abril,ADM002-MULTIPLICADOR PROMEDIO,"2,1100"
1760,CASA JUAN CARLOS DIAZ,2019,febrero,ADM002-MULTIPLICADOR PROMEDIO,"1,3900"
1760,CASA JUAN CARLOS DIAZ,2019,marzo,ADM002-MULTIPLICADOR PROMEDIO,"1,3900"
1760,CASA JUAN CARLOS DIAZ,2019,abril,ADM002-MULTIPLICADOR PROMEDIO,"1,3900"
1762,COMPAS GROUP,2019,febrero,ADM002-MULTIPLICADOR PROMEDIO,"2,5100"
1762,COMPAS GROUP,2019,marzo,ADM002-MULTIPLICADOR PROMEDIO,"2,5100"
1762,COMPAS GROUP,2019,abril,ADM002-MULTIPLICADOR PROMEDIO,"2,5100"
1764,MAKRO CAJICA,2019,febrero,ADM002-MULTIPLICADOR PROMEDIO,"1,9700"
1764,MAKRO CAJICA,2019,marzo,ADM002-MULTIPLICADOR PROMEDIO,"1,9700"
1764,MAKRO CAJICA,2019,abril,ADM002-MULTIPLICADOR PROMEDIO,"1,9700"
1765,MAKRO PUENTE ARANDA,2019,febrero,ADM002-MULTIPLICADOR PROMEDIO,"2,3000"
1765,MAKRO PUENTE ARANDA,2019,marzo,ADM002-MULTIPLICADOR PROMEDIO,"2,3000"
1765,MAKRO PUENTE ARANDA,2019,abril,ADM002-MULTIPLICADOR PROMEDIO,"2,3000"
1766,PISO 4-OFICINAS NOVUS,2019,febrero,ADM002-MULTIPLICADOR PROMEDIO,"0,0000"
1766,PISO 4-OFICINAS NOVUS,2019,marzo,ADM002-MULTIPLICADOR PROMEDIO,"0,0000"
1766,PISO 4-OFICINAS NOVUS,2019,abril,ADM002-MULTIPLICADOR PROMEDIO,"0,0000"
1767,A.C. SANTAFE,2019,febrero,ADM002-MULTIPLICADOR PROMEDIO,"3,9500"
1767,A.C. SANTAFE,2019,marzo,ADM002-MULTIPLICADOR PROMEDIO,"3,9500"
1767,A.C. SANTAFE,2019,abril,ADM002-MULTIPLICADOR PROMEDIO,"3,9500"
1768,A. C. SAN DIEGO,2019,febrero,ADM002-MULTIPLICADOR PROMEDIO,"3,0500"
1768,A. C. SAN DIEGO,2019,marzo,ADM002-MULTIPLICADOR PROMEDIO,"3,0500"
1768,A. C. SAN DIEGO,2019,abril,ADM002-MULTIPLICADOR PROMEDIO,"3,0500"
1769,A. C. GUACARI,2019,febrero,ADM002-MULTIPLICADOR PROMEDIO,"4,1000"
1769,A. C. GUACARI,2019,marzo,ADM002-MULTIPLICADOR PROMEDIO,"4,1000"
1769,A. C. GUACARI,2019,abril,ADM002-MULTIPLICADOR PROMEDIO,"4,1000"
1770,TORRE BARCELONA,2019,febrero,ADM002-MULTIPLICADOR PROMEDIO,"0,3200"
1770,TORRE BARCELONA,2019,marzo,ADM002-MULTIPLICADOR PROMEDIO,"0,3200"
1770,TORRE BARCELONA,2019,abril,ADM002-MULTIPLICADOR PROMEDIO,"0,3200"
1772,REMO. FALABELLA TIENDA SANTAFE,2019,febrero,ADM002-MULTIPLICADOR PROMEDIO,"1,6600"
1772,REMO. FALABELLA TIENDA SANTAFE,2019,marzo,ADM002-MULTIPLICADOR PROMEDIO,"1,6600"
1772,REMO. FALABELLA TIENDA SANTAFE,2019,abril,ADM002-MULTIPLICADOR PROMEDIO,"1,6600"
1773,EDIFICIOS DE POSGRADOS,2019,febrero,ADM002-MULTIPLICADOR PROMEDIO,"1,2800"
1773,EDIFICIOS DE POSGRADOS,2019,marzo,ADM002-MULTIPLICADOR PROMEDIO,"1,2800"
1773,EDIFICIOS DE POSGRADOS,2019,abril,ADM002-MULTIPLICADOR PROMEDIO,"1,2800"
1774,APARTAMENTO CHIA,2019,febrero,ADM002-MULTIPLICADOR PROMEDIO,"1,8400"
1774,APARTAMENTO CHIA,2019,marzo,ADM002-MULTIPLICADOR PROMEDIO,"1,8400"
1774,APARTAMENTO CHIA,2019,abril,ADM002-MULTIPLICADOR PROMEDIO,"1,8400"
1775,MONTEVIOLETA ZONAS COMUNES,2019,febrero,ADM002-MULTIPLICADOR PROMEDIO,"0,0000"
1775,MONTEVIOLETA ZONAS COMUNES,2019,marzo,ADM002-MULTIPLICADOR PROMEDIO,"0,0000"
1775,MONTEVIOLETA ZONAS COMUNES,2019,abril,ADM002-MULTIPLICADOR PROMEDIO,"0,0000"
1776,UNIVERSIDAD SANTO TOMAS VILLAV,2019,febrero,ADM002-MULTIPLICADOR PROMEDIO,"1,0300"
1776,UNIVERSIDAD SANTO TOMAS VILLAV,2019,marzo,ADM002-MULTIPLICADOR PROMEDIO,"1,0000"
1776,UNIVERSIDAD SANTO TOMAS VILLAV,2019,abril,ADM002-MULTIPLICADOR PROMEDIO,"0,9900"
1777,REFORZAMIENTO GIMNASIO DEL NOR,2019,febrero,ADM002-MULTIPLICADOR PROMEDIO,"2,5500"
1777,REFORZAMIENTO GIMNASIO DEL NOR,2019,marzo,ADM002-MULTIPLICADOR PROMEDIO,"2,5500"
1777,REFORZAMIENTO GIMNASIO DEL NOR,2019,abril,ADM002-MULTIPLICADOR PROMEDIO,"2,5500"
1778,A.C. COLORE-PLAZA CENTRAL,2019,febrero,ADM002-MULTIPLICADOR PROMEDIO,"3,3300"
1778,A.C. COLORE-PLAZA CENTRAL,2019,marzo,ADM002-MULTIPLICADOR PROMEDIO,"3,3300"
1778,A.C. COLORE-PLAZA CENTRAL,2019,abril,ADM002-MULTIPLICADOR PROMEDIO,"3,3300"
1780,REMODELACION EDIFICIO BAVARIA,2019,febrero,ADM002-MULTIPLICADOR PROMEDIO,"1,7300"
1780,REMODELACION EDIFICIO BAVARIA,2019,marzo,ADM002-MULTIPLICADOR PROMEDIO,"1,7300"
1780,REMODELACION EDIFICIO BAVARIA,2019,abril,ADM002-MULTIPLICADOR PROMEDIO,"1,7300"
1781,PLANTA DE GENERACION DE ENERGI,2019,febrero,ADM002-MULTIPLICADOR PROMEDIO,"2,1900"
1781,PLANTA DE GENERACION DE ENERGI,2019,marzo,ADM002-MULTIPLICADOR PROMEDIO,"2,1900"
1781,PLANTA DE GENERACION DE ENERGI,2019,abril,ADM002-MULTIPLICADOR PROMEDIO,"2,1900"
1782,COLORE A.C. ANTARES SOACHA,2019,febrero,ADM002-MULTIPLICADOR PROMEDIO,"4,0500"
1782,COLORE A.C. ANTARES SOACHA,2019,marzo,ADM002-MULTIPLICADOR PROMEDIO,"4,0500"
1782,COLORE A.C. ANTARES SOACHA,2019,abril,ADM002-MULTIPLICADOR PROMEDIO,"4,0500"
1783,COLORE A.C. CAMPANARIO,2019,febrero,ADM002-MULTIPLICADOR PROMEDIO,"0,2300"
1783,COLORE A.C. CAMPANARIO,2019,marzo,ADM002-MULTIPLICADOR PROMEDIO,"0,5400"
1783,COLORE A.C. CAMPANARIO,2019,abril,ADM002-MULTIPLICADOR PROMEDIO,"0,5400"
1784,COLORE A.C. GRAN PLAZA BOSA,2019,febrero,ADM002-MULTIPLICADOR PROMEDIO,"3,9000"
1784,COLORE A.C. GRAN PLAZA BOSA,2019,marzo,ADM002-MULTIPLICADOR PROMEDIO,"3,9000"
1784,COLORE A.C. GRAN PLAZA BOSA,2019,abril,ADM002-MULTIPLICADOR PROMEDIO,"3,9000"
1785,COLORE A.C. NUESTRO MONTERIA,2019,febrero,ADM002-MULTIPLICADOR PROMEDIO,"3,8400"
1785,COLORE A.C. NUESTRO MONTERIA,2019,marzo,ADM002-MULTIPLICADOR PROMEDIO,"3,8400"
1785,COLORE A.C. NUESTRO MONTERIA,2019,abril,ADM002-MULTIPLICADOR PROMEDIO,"3,8400"
1786,COLORE A.C. DIVER PLAZA,2019,febrero,ADM002-MULTIPLICADOR PROMEDIO,"2,4300"
1786,COLORE A.C. DIVER PLAZA,2019,marzo,ADM002-MULTIPLICADOR PROMEDIO,"2,4300"
1786,COLORE A.C. DIVER PLAZA,2019,abril,ADM002-MULTIPLICADOR PROMEDIO,"2,4300"
1787,COLORE A.C. CALIMA,2019,febrero,ADM002-MULTIPLICADOR PROMEDIO,"3,7000"
1787,COLORE A.C. CALIMA,2019,marzo,ADM002-MULTIPLICADOR PROMEDIO,"3,7000"
1787,COLORE A.C. CALIMA,2019,abril,ADM002-MULTIPLICADOR PROMEDIO,"3,7000"
1788,A. C. CALLE VENTURA TERREROS,2019,febrero,ADM002-MULTIPLICADOR PROMEDIO,"6,4000"
1788,A. C. CALLE VENTURA TERREROS,2019,marzo,ADM002-MULTIPLICADOR PROMEDIO,"6,4000"
1788,A. C. CALLE VENTURA TERREROS,2019,abril,ADM002-MULTIPLICADOR PROMEDIO,"6,4000"
1789,CENTROS COMERCIALES TUJA Y ENV,2019,febrero,ADM002-MULTIPLICADOR PROMEDIO,"1,4700"
1789,CENTROS COMERCIALES TUJA Y ENV,2019,marzo,ADM002-MULTIPLICADOR PROMEDIO,"1,5000"
1789,CENTROS COMERCIALES TUJA Y ENV,2019,abril,ADM002-MULTIPLICADOR PROMEDIO,"1,5300"
1791,CENTRO COMERCIAL ALEGRA,2019,febrero,ADM002-MULTIPLICADOR PROMEDIO,"2,1100"
1791,CENTRO COMERCIAL ALEGRA,2019,marzo,ADM002-MULTIPLICADOR PROMEDIO,"2,1200"
1791,CENTRO COMERCIAL ALEGRA,2019,abril,ADM002-MULTIPLICADOR PROMEDIO,"2,1700"
1792,RECIBO EDIFICIO TELMEX,2019,febrero,ADM002-MULTIPLICADOR PROMEDIO,"1,3400"
1792,RECIBO EDIFICIO TELMEX,2019,marzo,ADM002-MULTIPLICADOR PROMEDIO,"1,3400"
1792,RECIBO EDIFICIO TELMEX,2019,abril,ADM002-MULTIPLICADOR PROMEDIO,"1,3400"
1793,HOTEL DECAMERON LA MACARENA,2019,febrero,ADM002-MULTIPLICADOR PROMEDIO,"0,9400"
1793,HOTEL DECAMERON LA MACARENA,2019,marzo,ADM002-MULTIPLICADOR PROMEDIO,"0,9400"
1793,HOTEL DECAMERON LA MACARENA,2019,abril,ADM002-MULTIPLICADOR PROMEDIO,"0,9400"
1794,REPARACION TORRES DE SANTA LUC,2019,febrero,ADM002-MULTIPLICADOR PROMEDIO,"2,4200"
1794,REPARACION TORRES DE SANTA LUC,2019,marzo,ADM002-MULTIPLICADOR PROMEDIO,"2,4200"
1794,REPARACION TORRES DE SANTA LUC,2019,abril,ADM002-MULTIPLICADOR PROMEDIO,"2,4200"
1795,A. C. SIGNATURA,2019,febrero,ADM002-MULTIPLICADOR PROMEDIO,"2,8800"
1795,A. C. SIGNATURA,2019,marzo,ADM002-MULTIPLICADOR PROMEDIO,"2,8800"
1795,A. C. SIGNATURA,2019,abril,ADM002-MULTIPLICADOR PROMEDIO,"2,8800"
1796,HOTEL DECAMERON MARYLAND,2019,febrero,ADM002-MULTIPLICADOR PROMEDIO,"1,7500"
1796,HOTEL DECAMERON MARYLAND,2019,marzo,ADM002-MULTIPLICADOR PROMEDIO,"1,7300"
1796,HOTEL DECAMERON MARYLAND,2019,abril,ADM002-MULTIPLICADOR PROMEDIO,"1,7300"
1798,PROYECTOS CINEPOLIS,2019,febrero,ADM002-MULTIPLICADOR PROMEDIO,"1,7300"
1798,PROYECTOS CINEPOLIS,2019,marzo,ADM002-MULTIPLICADOR PROMEDIO,"1,7300"
1798,PROYECTOS CINEPOLIS,2019,abril,ADM002-MULTIPLICADOR PROMEDIO,"1,7300"
1799,HALLAZGOS FIC,2019,febrero,ADM002-MULTIPLICADOR PROMEDIO,"1,9900"
1799,HALLAZGOS FIC,2019,marzo,ADM002-MULTIPLICADOR PROMEDIO,"2,0500"
1799,HALLAZGOS FIC,2019,abril,ADM002-MULTIPLICADOR PROMEDIO,"2,0500"
1800,OFICINAS BID,2019,febrero,ADM002-MULTIPLICADOR PROMEDIO,"1,7200"
1800,OFICINAS BID,2019,marzo,ADM002-MULTIPLICADOR PROMEDIO,"1,7200"
1800,OFICINAS BID,2019,abril,ADM002-MULTIPLICADOR PROMEDIO,"1,7200"
1801,COLSUBSIDIO VIVIENDA,2019,febrero,ADM002-MULTIPLICADOR PROMEDIO,"2,9400"
1801,COLSUBSIDIO VIVIENDA,2019,marzo,ADM002-MULTIPLICADOR PROMEDIO,"2,9400"
1801,COLSUBSIDIO VIVIENDA,2019,abril,ADM002-MULTIPLICADOR PROMEDIO,"2,9400"
1802,TORRE 3A PLAZA DE LAS AMERICAS,2019,febrero,ADM002-MULTIPLICADOR PROMEDIO,"1,9000"
1802,TORRE 3A PLAZA DE LAS AMERICAS,2019,marzo,ADM002-MULTIPLICADOR PROMEDIO,"1,9000"
1802,TORRE 3A PLAZA DE LAS AMERICAS,2019,abril,ADM002-MULTIPLICADOR PROMEDIO,"1,9100"
1803,BODEGA PROSEGUR,2019,febrero,ADM002-MULTIPLICADOR PROMEDIO,"1,8200"
1803,BODEGA PROSEGUR,2019,marzo,ADM002-MULTIPLICADOR PROMEDIO,"1,8200"
1803,BODEGA PROSEGUR,2019,abril,ADM002-MULTIPLICADOR PROMEDIO,"2,5400"
1804,EDIFICIO QUINTA MUTIS ROSARIO,2019,febrero,ADM002-MULTIPLICADOR PROMEDIO,"2,3800"
1804,EDIFICIO QUINTA MUTIS ROSARIO,2019,marzo,ADM002-MULTIPLICADOR PROMEDIO,"2,3900"
1804,EDIFICIO QUINTA MUTIS ROSARIO,2019,abril,ADM002-MULTIPLICADOR PROMEDIO,"2,3600"
1805,I.E. HERIBERTO GARCIA-I.E. ARR,2019,febrero,ADM002-MULTIPLICADOR PROMEDIO,"1,6500"
1805,I.E. HERIBERTO GARCIA-I.E. ARR,2019,marzo,ADM002-MULTIPLICADOR PROMEDIO,"1,6500"
1805,I.E. HERIBERTO GARCIA-I.E. ARR,2019,abril,ADM002-MULTIPLICADOR PROMEDIO,"1,6500"
1806,PROYECTOS VARIOS AVIANCA,2019,febrero,ADM002-MULTIPLICADOR PROMEDIO,"1,8700"
1806,PROYECTOS VARIOS AVIANCA,2019,marzo,ADM002-MULTIPLICADOR PROMEDIO,"1,8700"
1806,PROYECTOS VARIOS AVIANCA,2019,abril,ADM002-MULTIPLICADOR PROMEDIO,"1,8700"
1808,COLEGIO MARYMOUNT,2019,febrero,ADM002-MULTIPLICADOR PROMEDIO,"1,2600"
1808,COLEGIO MARYMOUNT,2019,marzo,ADM002-MULTIPLICADOR PROMEDIO,"1,2600"
1808,COLEGIO MARYMOUNT,2019,abril,ADM002-MULTIPLICADOR PROMEDIO,"1,2600"
1810,VARIOS CLINICA DEL COUNTRY,2019,febrero,ADM002-MULTIPLICADOR PROMEDIO,"1,3200"
1810,VARIOS CLINICA DEL COUNTRY,2019,marzo,ADM002-MULTIPLICADOR PROMEDIO,"1,3200"
1810,VARIOS CLINICA DEL COUNTRY,2019,abril,ADM002-MULTIPLICADOR PROMEDIO,"1,3200"
1811,PUENTE PEATONAL COLEGIO N. G.,2019,febrero,ADM002-MULTIPLICADOR PROMEDIO,"2,6600"
1811,PUENTE PEATONAL COLEGIO N. G.,2019,marzo,ADM002-MULTIPLICADOR PROMEDIO,"2,6600"
1811,PUENTE PEATONAL COLEGIO N. G.,2019,abril,ADM002-MULTIPLICADOR PROMEDIO,"2,6600"
1812,CEDI COPACABANA VELEZ,2019,febrero,ADM002-MULTIPLICADOR PROMEDIO,"2,3700"
1812,CEDI COPACABANA VELEZ,2019,marzo,ADM002-MULTIPLICADOR PROMEDIO,"2,3700"
1812,CEDI COPACABANA VELEZ,2019,abril,ADM002-MULTIPLICADOR PROMEDIO,"2,3700"
1813,FISCALIA DE CUCUTA,2019,febrero,ADM002-MULTIPLICADOR PROMEDIO,"2,7300"
1813,FISCALIA DE CUCUTA,2019,marzo,ADM002-MULTIPLICADOR PROMEDIO,"2,4400"
1813,FISCALIA DE CUCUTA,2019,abril,ADM002-MULTIPLICADOR PROMEDIO,"2,5000"
1814,PPTE PROMOBILY,2019,febrero,ADM002-MULTIPLICADOR PROMEDIO,"0,5800"
1814,PPTE PROMOBILY,2019,marzo,ADM002-MULTIPLICADOR PROMEDIO,"0,5800"
1814,PPTE PROMOBILY,2019,abril,ADM002-MULTIPLICADOR PROMEDIO,"0,5800"
1815,PARQUEADERO NUEVA GRANADA,2019,febrero,ADM002-MULTIPLICADOR PROMEDIO,"1,7100"
1815,PARQUEADERO NUEVA GRANADA,2019,marzo,ADM002-MULTIPLICADOR PROMEDIO,"1,7100"
1815,PARQUEADERO NUEVA GRANADA,2019,abril,ADM002-MULTIPLICADOR PROMEDIO,"1,7100"
1816,CENTRO ESPECIALISTA CR 7 T SUR,2019,febrero,ADM002-MULTIPLICADOR PROMEDIO,"1,7000"
1816,CENTRO ESPECIALISTA CR 7 T SUR,2019,marzo,ADM002-MULTIPLICADOR PROMEDIO,"1,7000"
1816,CENTRO ESPECIALISTA CR 7 T SUR,2019,abril,ADM002-MULTIPLICADOR PROMEDIO,"1,7000"
1818,BODEGA BAENA MORA,2019,febrero,ADM002-MULTIPLICADOR PROMEDIO,"1,2800"
1818,BODEGA BAENA MORA,2019,marzo,ADM002-MULTIPLICADOR PROMEDIO,"1,1900"
1818,BODEGA BAENA MORA,2019,abril,ADM002-MULTIPLICADOR PROMEDIO,"1,4100"
1822,FASE RECIBO FINAL MEDICADIZ,2019,febrero,ADM002-MULTIPLICADOR PROMEDIO,"1,9600"
1822,FASE RECIBO FINAL MEDICADIZ,2019,marzo,ADM002-MULTIPLICADOR PROMEDIO,"1,9500"
1822,FASE RECIBO FINAL MEDICADIZ,2019,abril,ADM002-MULTIPLICADOR PROMEDIO,"1,9500"
1824,MEGAVITRINA GERENCIA,2019,febrero,ADM002-MULTIPLICADOR PROMEDIO,"2,3000"
1824,MEGAVITRINA GERENCIA,2019,marzo,ADM002-MULTIPLICADOR PROMEDIO,"2,3800"
1824,MEGAVITRINA GERENCIA,2019,abril,ADM002-MULTIPLICADOR PROMEDIO,"2,5400"
1825,FALABELLA MALL PLAZA MANIZALES,2019,febrero,ADM002-MULTIPLICADOR PROMEDIO,"1,6600"
1825,FALABELLA MALL PLAZA MANIZALES,2019,marzo,ADM002-MULTIPLICADOR PROMEDIO,"1,6600"
1825,FALABELLA MALL PLAZA MANIZALES,2019,abril,ADM002-MULTIPLICADOR PROMEDIO,"1,6600"
1826,C. INVESTIGACION BIOLOGIA U. R,2019,febrero,ADM002-MULTIPLICADOR PROMEDIO,"3,6500"
1826,C. INVESTIGACION BIOLOGIA U. R,2019,marzo,ADM002-MULTIPLICADOR PROMEDIO,"3,1500"
1826,C. INVESTIGACION BIOLOGIA U. R,2019,abril,ADM002-MULTIPLICADOR PROMEDIO,"2,8800"
1827,Z. FRANCA LA VIRGINIA  A. C.,2019,febrero,ADM002-MULTIPLICADOR PROMEDIO,"0,0000"
1827,Z. FRANCA LA VIRGINIA  A. C.,2019,marzo,ADM002-MULTIPLICADOR PROMEDIO,"0,0000"
1827,Z. FRANCA LA VIRGINIA  A. C.,2019,abril,ADM002-MULTIPLICADOR PROMEDIO,"0,0000"
1829,EDIF. NUEVA SEDE COR. CINECOLO,2019,febrero,ADM002-MULTIPLICADOR PROMEDIO,"1,4000"
1829,EDIF. NUEVA SEDE COR. CINECOLO,2019,marzo,ADM002-MULTIPLICADOR PROMEDIO,"1,3200"
1829,EDIF. NUEVA SEDE COR. CINECOLO,2019,abril,ADM002-MULTIPLICADOR PROMEDIO,"1,4200"
1832,SINIESTRO INCENDIO CCIB,2019,febrero,ADM002-MULTIPLICADOR PROMEDIO,"0,5500"
1832,SINIESTRO INCENDIO CCIB,2019,marzo,ADM002-MULTIPLICADOR PROMEDIO,"0,5400"
1832,SINIESTRO INCENDIO CCIB,2019,abril,ADM002-MULTIPLICADOR PROMEDIO,"0,5400"
1833,COLORE CASABLANCA,2019,febrero,ADM002-MULTIPLICADOR PROMEDIO,"3,2500"
1833,COLORE CASABLANCA,2019,marzo,ADM002-MULTIPLICADOR PROMEDIO,"3,2500"
1833,COLORE CASABLANCA,2019,abril,ADM002-MULTIPLICADOR PROMEDIO,"3,2500"
1834,COLORE LA CENTRAL,2019,febrero,ADM002-MULTIPLICADOR PROMEDIO,"1,0000"
1834,COLORE LA CENTRAL,2019,marzo,ADM002-MULTIPLICADOR PROMEDIO,"1,0000"
1834,COLORE LA CENTRAL,2019,abril,ADM002-MULTIPLICADOR PROMEDIO,"0,9900"
1835,PISO 13.14.15 HOSP EL BOSQUE,2019,febrero,ADM002-MULTIPLICADOR PROMEDIO,"2,7800"
1835,PISO 13.14.15 HOSP EL BOSQUE,2019,marzo,ADM002-MULTIPLICADOR PROMEDIO,"2,7800"
1835,PISO 13.14.15 HOSP EL BOSQUE,2019,abril,ADM002-MULTIPLICADOR PROMEDIO,"2,7800"
1836,ENTREGA BLOQUE HeI EXTERNADO,2019,febrero,ADM002-MULTIPLICADOR PROMEDIO,"1,1300"
1836,ENTREGA BLOQUE HeI EXTERNADO,2019,marzo,ADM002-MULTIPLICADOR PROMEDIO,"1,1300"
1836,ENTREGA BLOQUE HeI EXTERNADO,2019,abril,ADM002-MULTIPLICADOR PROMEDIO,"1,1300"
1837,CEDI MERCADERIA IBAGUE,2019,febrero,ADM002-MULTIPLICADOR PROMEDIO,"1,9100"
1837,CEDI MERCADERIA IBAGUE,2019,marzo,ADM002-MULTIPLICADOR PROMEDIO,"1,8800"
1837,CEDI MERCADERIA IBAGUE,2019,abril,ADM002-MULTIPLICADOR PROMEDIO,"1,8700"
1838,CASA LA BUHARDILLA,2019,febrero,ADM002-MULTIPLICADOR PROMEDIO,"1,6900"
1838,CASA LA BUHARDILLA,2019,marzo,ADM002-MULTIPLICADOR PROMEDIO,"1,7200"
1838,CASA LA BUHARDILLA,2019,abril,ADM002-MULTIPLICADOR PROMEDIO,"1,7000"
1839,LOCAL A.C. CL SANTA FE MEDELLI,2019,febrero,ADM002-MULTIPLICADOR PROMEDIO,"7,1900"
1839,LOCAL A.C. CL SANTA FE MEDELLI,2019,marzo,ADM002-MULTIPLICADOR PROMEDIO,"7,1900"
1839,LOCAL A.C. CL SANTA FE MEDELLI,2019,abril,ADM002-MULTIPLICADOR PROMEDIO,"7,1900"
1841,LOCAL A.C. VIVA ENVIGADO,2019,febrero,ADM002-MULTIPLICADOR PROMEDIO,"1,7800"
1841,LOCAL A.C. VIVA ENVIGADO,2019,marzo,ADM002-MULTIPLICADOR PROMEDIO,"1,7800"
1841,LOCAL A.C. VIVA ENVIGADO,2019,abril,ADM002-MULTIPLICADOR PROMEDIO,"1,7800"
1843,LOCAL A.C. VIVA TUNJA,2019,febrero,ADM002-MULTIPLICADOR PROMEDIO,"1,9200"
1843,LOCAL A.C. VIVA TUNJA,2019,marzo,ADM002-MULTIPLICADOR PROMEDIO,"1,9200"
1843,LOCAL A.C. VIVA TUNJA,2019,abril,ADM002-MULTIPLICADOR PROMEDIO,"1,9200"
1845,CUBIERTA C.C. ANDINO,2019,febrero,ADM002-MULTIPLICADOR PROMEDIO,"0,8600"
1845,CUBIERTA C.C. ANDINO,2019,marzo,ADM002-MULTIPLICADOR PROMEDIO,"0,0000"
1845,CUBIERTA C.C. ANDINO,2019,abril,ADM002-MULTIPLICADOR PROMEDIO,"0,0000"
1846,URBAN. PLAZA CLARO IDU 1457,2019,febrero,ADM002-MULTIPLICADOR PROMEDIO,"2,1100"
1846,URBAN. PLAZA CLARO IDU 1457,2019,marzo,ADM002-MULTIPLICADOR PROMEDIO,"1,8600"
1846,URBAN. PLAZA CLARO IDU 1457,2019,abril,ADM002-MULTIPLICADOR PROMEDIO,"1,6400"
1847,EDIFICIO PATRIMONIO,2019,febrero,ADM002-MULTIPLICADOR PROMEDIO,"0,0000"
1847,EDIFICIO PATRIMONIO,2019,marzo,ADM002-MULTIPLICADOR PROMEDIO,"0,0000"
1847,EDIFICIO PATRIMONIO,2019,abril,ADM002-MULTIPLICADOR PROMEDIO,"0,0000"
1848,REMODE. OFICINA BID P 20,2019,febrero,ADM002-MULTIPLICADOR PROMEDIO,"2,1200"
1848,REMODE. OFICINA BID P 20,2019,marzo,ADM002-MULTIPLICADOR PROMEDIO,"1,8200"
1848,REMODE. OFICINA BID P 20,2019,abril,ADM002-MULTIPLICADOR PROMEDIO,"1,5900"
1849,ZONAS EXTERIORES CENTRO COMERC,2019,febrero,ADM002-MULTIPLICADOR PROMEDIO,"1,2000"
1849,ZONAS EXTERIORES CENTRO COMERC,2019,marzo,ADM002-MULTIPLICADOR PROMEDIO,"1,5400"
1849,ZONAS EXTERIORES CENTRO COMERC,2019,abril,ADM002-MULTIPLICADOR PROMEDIO,"1,5300"
1850,REMODELACION Y SUMINISTRO BAÑO,2019,febrero,ADM002-MULTIPLICADOR PROMEDIO,"0,9800"
1850,REMODELACION Y SUMINISTRO BAÑO,2019,marzo,ADM002-MULTIPLICADOR PROMEDIO,"0,8500"
1850,REMODELACION Y SUMINISTRO BAÑO,2019,abril,ADM002-MULTIPLICADOR PROMEDIO,"0,8500"
1851,ETAPA 1 PROYECTO LA COLINA ED,2019,febrero,ADM002-MULTIPLICADOR PROMEDIO,"0,0000"
1851,ETAPA 1 PROYECTO LA COLINA ED,2019,marzo,ADM002-MULTIPLICADOR PROMEDIO,"0,0000"
1851,ETAPA 1 PROYECTO LA COLINA ED,2019,abril,ADM002-MULTIPLICADOR PROMEDIO,"0,0000"
1853,PLAN PARCIAL,2019,febrero,ADM002-MULTIPLICADOR PROMEDIO,"6,7200"
1853,PLAN PARCIAL,2019,marzo,ADM002-MULTIPLICADOR PROMEDIO,"6,7200"
1853,PLAN PARCIAL,2019,abril,ADM002-MULTIPLICADOR PROMEDIO,"6,7200"
1854,CAMBIO CUBIERTAS AULAS ELEMENT,2019,febrero,ADM002-MULTIPLICADOR PROMEDIO,"2,1400"
1854,CAMBIO CUBIERTAS AULAS ELEMENT,2019,marzo,ADM002-MULTIPLICADOR PROMEDIO,"2,1400"
1854,CAMBIO CUBIERTAS AULAS ELEMENT,2019,abril,ADM002-MULTIPLICADOR PROMEDIO,"2,1400"
1855,REMODELACION TORRE SAMSUNG,2019,febrero,ADM002-MULTIPLICADOR PROMEDIO,"4,7900"
1855,REMODELACION TORRE SAMSUNG,2019,marzo,ADM002-MULTIPLICADOR PROMEDIO,"4,7900"
1855,REMODELACION TORRE SAMSUNG,2019,abril,ADM002-MULTIPLICADOR PROMEDIO,"4,7900"
1856,DISTRITO 90,2019,febrero,ADM002-MULTIPLICADOR PROMEDIO,"1,4200"
1856,DISTRITO 90,2019,marzo,ADM002-MULTIPLICADOR PROMEDIO,"1,5400"
1856,DISTRITO 90,2019,abril,ADM002-MULTIPLICADOR PROMEDIO,"1,6200"
1857,COLPATRIA ALAMEDA SAN DIEGO,2019,febrero,ADM002-MULTIPLICADOR PROMEDIO,"1,7000"
1857,COLPATRIA ALAMEDA SAN DIEGO,2019,marzo,ADM002-MULTIPLICADOR PROMEDIO,"1,9500"
1857,COLPATRIA ALAMEDA SAN DIEGO,2019,abril,ADM002-MULTIPLICADOR PROMEDIO,"1,7900"
1858,ED. DIRECCION GENERAL BANCO AG,2019,febrero,ADM002-MULTIPLICADOR PROMEDIO,"0,6300"
1858,ED. DIRECCION GENERAL BANCO AG,2019,marzo,ADM002-MULTIPLICADOR PROMEDIO,"0,5300"
1858,ED. DIRECCION GENERAL BANCO AG,2019,abril,ADM002-MULTIPLICADOR PROMEDIO,"0,5500"
1859,MEDITERRANEO,2019,febrero,ADM002-MULTIPLICADOR PROMEDIO,"3,3600"
1859,MEDITERRANEO,2019,marzo,ADM002-MULTIPLICADOR PROMEDIO,"3,3600"
1859,MEDITERRANEO,2019,abril,ADM002-MULTIPLICADOR PROMEDIO,"3,3600"
1860,EDIFICIO 593,2019,febrero,ADM002-MULTIPLICADOR PROMEDIO,"1,4800"
1860,EDIFICIO 593,2019,marzo,ADM002-MULTIPLICADOR PROMEDIO,"1,5400"
1860,EDIFICIO 593,2019,abril,ADM002-MULTIPLICADOR PROMEDIO,"1,5300"
1861,PRIMERA ETAPA UNIVERSITARIO SA,2019,febrero,ADM002-MULTIPLICADOR PROMEDIO,"1,3100"
1861,PRIMERA ETAPA UNIVERSITARIO SA,2019,marzo,ADM002-MULTIPLICADOR PROMEDIO,"1,3000"
1861,PRIMERA ETAPA UNIVERSITARIO SA,2019,abril,ADM002-MULTIPLICADOR PROMEDIO,"1,7500"
1862,EAN LEGACY-ASESORIA ESPECIALIZ,2019,febrero,ADM002-MULTIPLICADOR PROMEDIO,"2,3900"
1862,EAN LEGACY-ASESORIA ESPECIALIZ,2019,marzo,ADM002-MULTIPLICADOR PROMEDIO,"2,3900"
1862,EAN LEGACY-ASESORIA ESPECIALIZ,2019,abril,ADM002-MULTIPLICADOR PROMEDIO,"2,3900"
1863,CENTRO DE INVESTIGACION BIOLOG,2019,febrero,ADM002-MULTIPLICADOR PROMEDIO,"0,8600"
1863,CENTRO DE INVESTIGACION BIOLOG,2019,marzo,ADM002-MULTIPLICADOR PROMEDIO,"0,8600"
1863,CENTRO DE INVESTIGACION BIOLOG,2019,abril,ADM002-MULTIPLICADOR PROMEDIO,"0,8600"
1871,CAFETERIA COLEGIO NUEVA GRANAD,2019,febrero,ADM002-MULTIPLICADOR PROMEDIO,"1,0000"
1871,CAFETERIA COLEGIO NUEVA GRANAD,2019,marzo,ADM002-MULTIPLICADOR PROMEDIO,"1,0000"
1871,CAFETERIA COLEGIO NUEVA GRANAD,2019,abril,ADM002-MULTIPLICADOR PROMEDIO,"1,0000"
1872,HOTEL CASA ISLEÑA,2019,febrero,ADM002-MULTIPLICADOR PROMEDIO,"1,6000"
1872,HOTEL CASA ISLEÑA,2019,marzo,ADM002-MULTIPLICADOR PROMEDIO,"1,6000"
1872,HOTEL CASA ISLEÑA,2019,abril,ADM002-MULTIPLICADOR PROMEDIO,"1,6000"
1873,CALLE 77,2019,febrero,ADM002-MULTIPLICADOR PROMEDIO,"1,6000"
1873,CALLE 77,2019,marzo,ADM002-MULTIPLICADOR PROMEDIO,"1,7200"
1873,CALLE 77,2019,abril,ADM002-MULTIPLICADOR PROMEDIO,"1,7800"
1874,REMODELACION CEDIS HOMECENTER,2019,febrero,ADM002-MULTIPLICADOR PROMEDIO,"2,0500"
1874,REMODELACION CEDIS HOMECENTER,2019,marzo,ADM002-MULTIPLICADOR PROMEDIO,"2,1500"
1874,REMODELACION CEDIS HOMECENTER,2019,abril,ADM002-MULTIPLICADOR PROMEDIO,"2,1300"
1875,PROYECTOS DE BLOQUE D Y H-CLIN,2019,febrero,ADM002-MULTIPLICADOR PROMEDIO,"2,3300"
1875,PROYECTOS DE BLOQUE D Y H-CLIN,2019,marzo,ADM002-MULTIPLICADOR PROMEDIO,"2,0500"
1875,PROYECTOS DE BLOQUE D Y H-CLIN,2019,abril,ADM002-MULTIPLICADOR PROMEDIO,"2,0500"
1877,REMODELACION C.C.PLAZA DE LAS,2019,febrero,ADM002-MULTIPLICADOR PROMEDIO,"1,5500"
1877,REMODELACION C.C.PLAZA DE LAS,2019,marzo,ADM002-MULTIPLICADOR PROMEDIO,"1,6000"
1877,REMODELACION C.C.PLAZA DE LAS,2019,abril,ADM002-MULTIPLICADOR PROMEDIO,"1,7400"
1879,COLORE MALL PLAZA MANIZALES,2019,febrero,ADM002-MULTIPLICADOR PROMEDIO,"1,0800"
1879,COLORE MALL PLAZA MANIZALES,2019,marzo,ADM002-MULTIPLICADOR PROMEDIO,"1,0800"
1879,COLORE MALL PLAZA MANIZALES,2019,abril,ADM002-MULTIPLICADOR PROMEDIO,"1,0800"
1880,REPARACION CASA C.C. MALL PLAZ,2019,febrero,ADM002-MULTIPLICADOR PROMEDIO,"1,7500"
1880,REPARACION CASA C.C. MALL PLAZ,2019,marzo,ADM002-MULTIPLICADOR PROMEDIO,"1,7700"
1880,REPARACION CASA C.C. MALL PLAZ,2019,abril,ADM002-MULTIPLICADOR PROMEDIO,"1,8000"
1881,IBIS BUDGET MARLY,2019,febrero,ADM002-MULTIPLICADOR PROMEDIO,"1,6300"
1881,IBIS BUDGET MARLY,2019,marzo,ADM002-MULTIPLICADOR PROMEDIO,"1,8000"
1881,IBIS BUDGET MARLY,2019,abril,ADM002-MULTIPLICADOR PROMEDIO,"2,4800"
1883,"CONTRATO DE VEEDURÍA
CENTRO CO",2019,febrero,ADM002-MULTIPLICADOR PROMEDIO,"4,8900"
1883,"CONTRATO DE VEEDURÍA
CENTRO CO",2019,marzo,ADM002-MULTIPLICADOR PROMEDIO,"5,0500"
1883,"CONTRATO DE VEEDURÍA
CENTRO CO",2019,abril,ADM002-MULTIPLICADOR PROMEDIO,"5,0200"
1884,CENTRO COMERCIAL NUESTRO CARTA,2019,febrero,ADM002-MULTIPLICADOR PROMEDIO,"4,6600"
1884,CENTRO COMERCIAL NUESTRO CARTA,2019,marzo,ADM002-MULTIPLICADOR PROMEDIO,"4,6000"
1884,CENTRO COMERCIAL NUESTRO CARTA,2019,abril,ADM002-MULTIPLICADOR PROMEDIO,"4,8800"
1885,COLORE ENSUEÑO BOGOTA-ARTURO C,2019,febrero,ADM002-MULTIPLICADOR PROMEDIO,"1,7800"
1885,COLORE ENSUEÑO BOGOTA-ARTURO C,2019,marzo,ADM002-MULTIPLICADOR PROMEDIO,"1,5700"
1885,COLORE ENSUEÑO BOGOTA-ARTURO C,2019,abril,ADM002-MULTIPLICADOR PROMEDIO,"1,5700"
1887,EFC PREESCOLAR DEL COL ANGLO C,2019,febrero,ADM002-MULTIPLICADOR PROMEDIO,"0,0100"
1887,EFC PREESCOLAR DEL COL ANGLO C,2019,marzo,ADM002-MULTIPLICADOR PROMEDIO,"1,6900"
1887,EFC PREESCOLAR DEL COL ANGLO C,2019,abril,ADM002-MULTIPLICADOR PROMEDIO,"1,0800"
1890,CENTRO CIVICO FASE 1 UNI ANDES,2019,febrero,ADM002-MULTIPLICADOR PROMEDIO,"1,3100"
1890,CENTRO CIVICO FASE 1 UNI ANDES,2019,marzo,ADM002-MULTIPLICADOR PROMEDIO,"1,2900"
1890,CENTRO CIVICO FASE 1 UNI ANDES,2019,abril,ADM002-MULTIPLICADOR PROMEDIO,"0,2800"
1891,PLAZA DE LAS AMERICAS ETAPA 3,2019,febrero,ADM002-MULTIPLICADOR PROMEDIO,"2,4200"
1891,PLAZA DE LAS AMERICAS ETAPA 3,2019,marzo,ADM002-MULTIPLICADOR PROMEDIO,"2,5100"
1891,PLAZA DE LAS AMERICAS ETAPA 3,2019,abril,ADM002-MULTIPLICADOR PROMEDIO,"2,5700"
1893,MALL PLAZA CALI,2019,febrero,ADM002-MULTIPLICADOR PROMEDIO,"1,6400"
1893,MALL PLAZA CALI,2019,marzo,ADM002-MULTIPLICADOR PROMEDIO,"1,7500"
1893,MALL PLAZA CALI,2019,abril,ADM002-MULTIPLICADOR PROMEDIO,"1,7000"
1894,OFICINAS BID PISO 3,2019,febrero,ADM002-MULTIPLICADOR PROMEDIO,"118,4500"
1894,OFICINAS BID PISO 3,2019,marzo,ADM002-MULTIPLICADOR PROMEDIO,"118,4500"
1894,OFICINAS BID PISO 3,2019,abril,ADM002-MULTIPLICADOR PROMEDIO,"118,4500"
1895,REMODELACION PISO 6 BL B,2019,febrero,ADM002-MULTIPLICADOR PROMEDIO,"3,9200"
1895,REMODELACION PISO 6 BL B,2019,marzo,ADM002-MULTIPLICADOR PROMEDIO,"3,6700"
1895,REMODELACION PISO 6 BL B,2019,abril,ADM002-MULTIPLICADOR PROMEDIO,"3,6700"
1899,CLÍNICA AVIDANTI IBAGUE,2019,febrero,ADM002-MULTIPLICADOR PROMEDIO,"0,0000"
1899,CLÍNICA AVIDANTI IBAGUE,2019,marzo,ADM002-MULTIPLICADOR PROMEDIO,"1,0600"
1899,CLÍNICA AVIDANTI IBAGUE,2019,abril,ADM002-MULTIPLICADOR PROMEDIO,"1,5300"
1900,P. INSPIRA Y MUELLE CARGA,2019,febrero,ADM002-MULTIPLICADOR PROMEDIO,"0,0000"
1900,P. INSPIRA Y MUELLE CARGA,2019,marzo,ADM002-MULTIPLICADOR PROMEDIO,"0,0000"
1900,P. INSPIRA Y MUELLE CARGA,2019,abril,ADM002-MULTIPLICADOR PROMEDIO,"0,0000"
1904,FUND. FANA  ADULTO MAYOR,2019,febrero,ADM002-MULTIPLICADOR PROMEDIO,"0,0000"
1904,FUND. FANA  ADULTO MAYOR,2019,marzo,ADM002-MULTIPLICADOR PROMEDIO,"0,0000"
1904,FUND. FANA  ADULTO MAYOR,2019,abril,ADM002-MULTIPLICADOR PROMEDIO,"0,7700"
