CECO,Nivel2,Nivel 4.1,NOMBRE_CECO,NETO,Year,Month,Day
1723,41,4130,1723 EDIFICIO SANTA MARIA,-117829955,2019,March,1
1723,41,4130,1723 EDIFICIO SANTA MARIA,-378994081,2019,April,1
1723,41,4130,1723 EDIFICIO SANTA MARIA,-215055158,2019,May,1
1723,41,4130,1723 EDIFICIO SANTA MARIA,-519581707,2019,June,1
1385,41,4155,1385 C. HOSPITALARIO SERENA DEL MAR,-67341432,2019,March,1
1385,41,4155,1385 C. HOSPITALARIO SERENA DEL MAR,-279212042,2019,April,1
1385,41,4155,1385 C. HOSPITALARIO SERENA DEL MAR,-148129148,2019,May,1
1385,41,4155,1385 C. HOSPITALARIO SERENA DEL MAR,-334909662,2019,June,1
1453,41,4155,1453 FABRICA 2 FONADE,0,2019,March,1
1453,41,4155,1453 FABRICA 2 FONADE,0,2019,April,1
1453,41,4155,1453 FABRICA 2 FONADE,0,2019,May,1
1461,41,4155,1461 C CORPORATIVO SERENA DEL MAR,-98870695,2019,March,1
1461,41,4155,1461 C CORPORATIVO SERENA DEL MAR,0,2019,April,1
1461,41,4155,1461 C CORPORATIVO SERENA DEL MAR,0,2019,May,1
1507,41,4155,1507 REMODELACION CC METROPOLIS,69936691,2019,March,1
1507,41,4155,1507 REMODELACION CC METROPOLIS,-63379461,2019,April,1
1507,41,4155,1507 REMODELACION CC METROPOLIS,-64667842,2019,May,1
1565,41,4155,1565 COMPENSAR CLINICA EL BOSQUE 06,-30000000,2019,March,1
1565,41,4155,1565 COMPENSAR CLINICA EL BOSQUE 06,0,2019,April,1
1565,41,4155,1565 COMPENSAR CLINICA EL BOSQUE 06,10652832,2019,May,1
1577,41,4155,1577 CENTRO MUNDIAL DE NEGOCIOS-03,-92268430,2019,March,1
1577,41,4155,1577 CENTRO MUNDIAL DE NEGOCIOS-03,-64330107,2019,April,1
1577,41,4155,1577 CENTRO MUNDIAL DE NEGOCIOS-03,-57625910,2019,May,1
1577,41,4155,1577 CENTRO MUNDIAL DE NEGOCIOS-03,-52129416,2019,June,1
1580,41,4155,1580 DESARROLLO CAMPUS EAN -07,-75930332,2019,March,1
1580,41,4155,1580 DESARROLLO CAMPUS EAN -07,-110908882,2019,April,1
1580,41,4155,1580 DESARROLLO CAMPUS EAN -07,-157798116,2019,May,1
1580,41,4155,1580 DESARROLLO CAMPUS EAN -07,-77989213,2019,June,1
1588,41,4155,1588 MALL PLAZA BARRANQUILLA,-65300651,2019,March,1
1588,41,4155,1588 MALL PLAZA BARRANQUILLA,-62972092,2019,April,1
1588,41,4155,1588 MALL PLAZA BARRANQUILLA,-77002400,2019,May,1
1596,41,4155,1596 COLEGIO HELVETIA FASE 1 ETAPA,-67814656,2019,March,1
1596,41,4155,1596 COLEGIO HELVETIA FASE 1 ETAPA,-49178614,2019,April,1
1596,41,4155,1596 COLEGIO HELVETIA FASE 1 ETAPA,-56881033,2019,May,1
1596,41,4155,1596 COLEGIO HELVETIA FASE 1 ETAPA,-56693294,2019,June,1
1618,41,4155,1618 REMOD C.C. SALITRE PLAZA,-27586191,2019,March,1
1618,41,4155,1618 REMOD C.C. SALITRE PLAZA,-19127426,2019,April,1
1618,41,4155,1618 REMOD C.C. SALITRE PLAZA,0,2019,May,1
1622,41,4155,1622 ATRIO - QBO,218647,2019,March,1
1622,41,4155,1622 ATRIO - QBO,-445860291,2019,April,1
1622,41,4155,1622 ATRIO - QBO,-515908,2019,May,1
1622,41,4155,1622 ATRIO - QBO,-114467440,2019,June,1
1647,41,4155,1647 C. CORP SERENA DEL MAR G OBRA,65194909,2019,March,1
1656,41,4155,1656 TELESKOP,-9032189,2019,March,1
1656,41,4155,1656 TELESKOP,0,2019,April,1
1656,41,4155,1656 TELESKOP,9032189,2019,May,1
1670,41,4155,1670 PLAN NAL DE INFRAESTRUCTURA ED,-147686058,2019,March,1
1670,41,4155,1670 PLAN NAL DE INFRAESTRUCTURA ED,-160983661,2019,April,1
1670,41,4155,1670 PLAN NAL DE INFRAESTRUCTURA ED,-106406593,2019,May,1
1670,41,4155,1670 PLAN NAL DE INFRAESTRUCTURA ED,-117815380,2019,June,1
1686,41,4155,1686 CENTRO EMPRESARIAL CALLE 80,0,2019,March,1
1686,41,4155,1686 CENTRO EMPRESARIAL CALLE 80,-6736458,2019,April,1
1686,41,4155,1686 CENTRO EMPRESARIAL CALLE 80,-6736458,2019,May,1
1687,41,4155,1687 COLSUBSIDIO LA COLINA,-165908849,2019,March,1
1687,41,4155,1687 COLSUBSIDIO LA COLINA,6059385,2019,April,1
1687,41,4155,1687 COLSUBSIDIO LA COLINA,19107492,2019,May,1
1689,41,4155,1689 HOTEL HILTON SANTA MARTA,-38971861,2019,March,1
1689,41,4155,1689 HOTEL HILTON SANTA MARTA,-38129927,2019,April,1
1689,41,4155,1689 HOTEL HILTON SANTA MARTA,-38384165,2019,May,1
1689,41,4155,1689 HOTEL HILTON SANTA MARTA,-38226809,2019,June,1
1700,41,4155,1700 MINIS DE EDUCACION FFIE 006,-13322862,2019,March,1
1700,41,4155,1700 MINIS DE EDUCACION FFIE 006,-13322862,2019,April,1
1700,41,4155,1700 MINIS DE EDUCACION FFIE 006,-13322862,2019,May,1
1701,41,4155,1701 CAMPUS POLITECNICO GRANCOLOMBI,-56382534,2019,March,1
1701,41,4155,1701 CAMPUS POLITECNICO GRANCOLOMBI,-58223982,2019,April,1
1701,41,4155,1701 CAMPUS POLITECNICO GRANCOLOMBI,-55975244,2019,May,1
1701,41,4155,1701 CAMPUS POLITECNICO GRANCOLOMBI,-57554392,2019,June,1
1706,41,4155,1706 MINEDUCACION FFIE 006 GR7,-433086195,2019,March,1
1706,41,4155,1706 MINEDUCACION FFIE 006 GR7,-76927963,2019,April,1
1706,41,4155,1706 MINEDUCACION FFIE 006 GR7,-83179406,2019,May,1
1713,41,4155,1713 USTA-TUNJA,-120214961,2019,March,1
1713,41,4155,1713 USTA-TUNJA,-55764845,2019,April,1
1713,41,4155,1713 USTA-TUNJA,-55764844,2019,May,1
1714,41,4155,"1714 REMO, CORRED PLAZOLETA AMERICA",15854755,2019,March,1
1714,41,4155,"1714 REMO, CORRED PLAZOLETA AMERICA",-15854755,2019,April,1
1714,41,4155,"1714 REMO, CORRED PLAZOLETA AMERICA",15854755,2019,May,1
1715,41,4155,1715 GERENCIA INTEGRAL UNIANDES,-69025007,2019,March,1
1715,41,4155,1715 GERENCIA INTEGRAL UNIANDES,-65508513,2019,April,1
1715,41,4155,1715 GERENCIA INTEGRAL UNIANDES,-27,2019,May,1
1720,41,4155,1720 VIA DEPRIMIDA CARRERA 57,0,2019,March,1
1720,41,4155,1720 VIA DEPRIMIDA CARRERA 57,0,2019,April,1
1720,41,4155,1720 VIA DEPRIMIDA CARRERA 57,0,2019,May,1
1723,41,4155,1723 EDIFICIO SANTA MARIA,-282455474,2019,March,1
1723,41,4155,1723 EDIFICIO SANTA MARIA,244036780,2019,April,1
1723,41,4155,1723 EDIFICIO SANTA MARIA,-325170014,2019,May,1
1723,41,4155,1723 EDIFICIO SANTA MARIA,-206007838,2019,June,1
1734,41,4155,1734 HOTEL DE LUJO GETSEMANI,-78674031,2019,March,1
1734,41,4155,1734 HOTEL DE LUJO GETSEMANI,-57536987,2019,April,1
1734,41,4155,1734 HOTEL DE LUJO GETSEMANI,-52937001,2019,May,1
1734,41,4155,1734 HOTEL DE LUJO GETSEMANI,-63759500,2019,June,1
1737,41,4155,1737 URBANIZACION TIMIZA,-600000,2019,May,1
1743,41,4155,1743 PISO 3 Y 3M UNIANDES-CEN. COOR,149605975,2019,March,1
1743,41,4155,1743 PISO 3 Y 3M UNIANDES-CEN. COOR,-168069990,2019,April,1
1744,41,4155,1744 EDIFICIO CALLE 92-11,-35458635,2019,March,1
1744,41,4155,1744 EDIFICIO CALLE 92-11,-35458635,2019,April,1
1744,41,4155,1744 EDIFICIO CALLE 92-11,-35458635,2019,May,1
1744,41,4155,1744 EDIFICIO CALLE 92-11,-35458635,2019,June,1
1748,41,4155,1748 BEACH RESORT,-30000000,2019,May,1
1751,41,4155,1751 IROTAMA TORRE C,-44604401,2019,March,1
1751,41,4155,1751 IROTAMA TORRE C,-38315896,2019,April,1
1751,41,4155,1751 IROTAMA TORRE C,-44504425,2019,May,1
1751,41,4155,1751 IROTAMA TORRE C,-44332634,2019,June,1
1753,41,4155,1753 FACHADAS C. C. ATLANTIS,-30288651,2019,March,1
1753,41,4155,1753 FACHADAS C. C. ATLANTIS,0,2019,April,1
1753,41,4155,1753 FACHADAS C. C. ATLANTIS,-5485636,2019,May,1
1756,41,4155,1756 CAMPUS UNIVERSIDAD CENTRAL,-64006678,2019,March,1
1756,41,4155,1756 CAMPUS UNIVERSIDAD CENTRAL,-90944085,2019,April,1
1756,41,4155,1756 CAMPUS UNIVERSIDAD CENTRAL,-65518368,2019,May,1
1756,41,4155,1756 CAMPUS UNIVERSIDAD CENTRAL,-62318034,2019,June,1
1758,41,4155,1758 PROYECTOS VARIOS EXTERNADO,-39040296,2019,March,1
1758,41,4155,1758 PROYECTOS VARIOS EXTERNADO,-39040296,2019,April,1
1758,41,4155,1758 PROYECTOS VARIOS EXTERNADO,-39040296,2019,May,1
1758,41,4155,1758 PROYECTOS VARIOS EXTERNADO,-39040296,2019,June,1
1770,41,4155,1770 TORRE BARCELONA,0,2019,March,1
1770,41,4155,1770 TORRE BARCELONA,0,2019,April,1
1770,41,4155,1770 TORRE BARCELONA,0,2019,May,1
1770,41,4155,1770 TORRE BARCELONA,-16400000,2019,June,1
1776,41,4155,1776 UNIVERSIDAD SANTO TOMAS VILLAV,-23894720,2019,May,1
1783,41,4155,1783 COLORE A.C. CAMPANARIO,-10981446,2019,March,1
1789,41,4155,1789 CENTROS COMERCIALES TUJA Y ENV,-39630026,2019,March,1
1789,41,4155,1789 CENTROS COMERCIALES TUJA Y ENV,-39630026,2019,April,1
1789,41,4155,1789 CENTROS COMERCIALES TUJA Y ENV,-32322926,2019,May,1
1789,41,4155,1789 CENTROS COMERCIALES TUJA Y ENV,-39630026,2019,June,1
1791,41,4155,1791 CENTRO COMERCIAL ALEGRA,-32073978,2019,March,1
1791,41,4155,1791 CENTRO COMERCIAL ALEGRA,-40034203,2019,April,1
1791,41,4155,1791 CENTRO COMERCIAL ALEGRA,52545657,2019,May,1
1796,41,4155,1796 HOTEL DECAMERON MARYLAND,5362889,2019,March,1
1799,41,4155,1799 HALLAZGOS FIC,-20172054,2019,March,1
1802,41,4155,1802 TORRE 3A PLAZA DE LAS AMERICAS,-54558331,2019,March,1
1802,41,4155,1802 TORRE 3A PLAZA DE LAS AMERICAS,-52965588,2019,April,1
1802,41,4155,1802 TORRE 3A PLAZA DE LAS AMERICAS,-54558330,2019,May,1
1802,41,4155,1802 TORRE 3A PLAZA DE LAS AMERICAS,-54558331,2019,June,1
1803,41,4155,1803 BODEGA PROSEGUR,0,2019,March,1
1803,41,4155,1803 BODEGA PROSEGUR,-138258513,2019,April,1
1803,41,4155,1803 BODEGA PROSEGUR,0,2019,May,1
1804,41,4155,1804 EDIFICIO QUINTA MUTIS ROSARIO,-29813870,2019,March,1
1804,41,4155,1804 EDIFICIO QUINTA MUTIS ROSARIO,-29813870,2019,April,1
1804,41,4155,1804 EDIFICIO QUINTA MUTIS ROSARIO,-39287903,2019,May,1
1804,41,4155,1804 EDIFICIO QUINTA MUTIS ROSARIO,-32971881,2019,June,1
1806,41,4155,1806 PROYECTOS VARIOS AVIANCA,-63938396,2019,March,1
1806,41,4155,1806 PROYECTOS VARIOS AVIANCA,-60162576,2019,April,1
1806,41,4155,1806 PROYECTOS VARIOS AVIANCA,-65533123,2019,May,1
1806,41,4155,1806 PROYECTOS VARIOS AVIANCA,-129877666,2019,June,1
1813,41,4155,1813 FISCALIA DE CUCUTA,-378371620,2019,March,1
1813,41,4155,1813 FISCALIA DE CUCUTA,-258137911,2019,April,1
1813,41,4155,1813 FISCALIA DE CUCUTA,-65976577,2019,May,1
1813,41,4155,1813 FISCALIA DE CUCUTA,-76444783,2019,June,1
1814,41,4155,1814 PPTE PROMOBILY,0,2019,March,1
1814,41,4155,1814 PPTE PROMOBILY,0,2019,April,1
1814,41,4155,1814 PPTE PROMOBILY,0,2019,May,1
1818,41,4155,1818 BODEGA BAENA MORA,-19731305,2019,March,1
1818,41,4155,1818 BODEGA BAENA MORA,-40389153,2019,April,1
1818,41,4155,1818 BODEGA BAENA MORA,-20040152,2019,May,1
1824,41,4155,1824 MEGAVITRINA GERENCIA,-186422706,2019,March,1
1824,41,4155,1824 MEGAVITRINA GERENCIA,-211982302,2019,April,1
1824,41,4155,1824 MEGAVITRINA GERENCIA,0,2019,May,1
1826,41,4155,1826 C. INVESTIGACION BIOLOGIA U. R,-20341421,2019,March,1
1826,41,4155,1826 C. INVESTIGACION BIOLOGIA U. R,-20341421,2019,April,1
1826,41,4155,1826 C. INVESTIGACION BIOLOGIA U. R,-20341421,2019,May,1
1826,41,4155,1826 C. INVESTIGACION BIOLOGIA U. R,-23428062,2019,June,1
1829,41,4155,1829 EDIF. NUEVA SEDE COR. CINECOLO,-31634470,2019,March,1
1829,41,4155,1829 EDIF. NUEVA SEDE COR. CINECOLO,-103017427,2019,April,1
1829,41,4155,1829 EDIF. NUEVA SEDE COR. CINECOLO,-53940444,2019,May,1
1829,41,4155,1829 EDIF. NUEVA SEDE COR. CINECOLO,-66033568,2019,June,1
1837,41,4155,1837 CEDI MERCADERIA IBAGUE,-23297876,2019,March,1
1837,41,4155,1837 CEDI MERCADERIA IBAGUE,-23372568,2019,April,1
1837,41,4155,1837 CEDI MERCADERIA IBAGUE,-46546848,2019,May,1
1837,41,4155,1837 CEDI MERCADERIA IBAGUE,-23273424,2019,June,1
1838,41,4155,1838 CASA LA BUHARDILLA,-16910277,2019,March,1
1838,41,4155,1838 CASA LA BUHARDILLA,-27503461,2019,April,1
1838,41,4155,1838 CASA LA BUHARDILLA,0,2019,May,1
1838,41,4155,1838 CASA LA BUHARDILLA,-15346766,2019,June,1
1845,41,4155,1845 CUBIERTA C.C. ANDINO,8656262,2019,March,1
1846,41,4155,1846 URBAN. PLAZA CLARO IDU 1457,0,2019,March,1
1846,41,4155,1846 URBAN. PLAZA CLARO IDU 1457,0,2019,April,1
1846,41,4155,1846 URBAN. PLAZA CLARO IDU 1457,-57050294,2019,May,1
1846,41,4155,1846 URBAN. PLAZA CLARO IDU 1457,-276579000,2019,June,1
1847,41,4155,1847 EDIFICIO PATRIMONIO,0,2019,March,1
1847,41,4155,1847 EDIFICIO PATRIMONIO,0,2019,April,1
1847,41,4155,1847 EDIFICIO PATRIMONIO,3000000,2019,May,1
1847,41,4155,1847 EDIFICIO PATRIMONIO,-4100000,2019,June,1
1848,41,4155,1848 REMODE. OFICINA BID P 20,0,2019,March,1
1848,41,4155,1848 REMODE. OFICINA BID P 20,0,2019,April,1
1848,41,4155,1848 REMODE. OFICINA BID P 20,-113123122,2019,May,1
1849,41,4155,1849 ZONAS EXTERIORES CENTRO ANDINO,-42790900,2019,March,1
1850,41,4155,1850 REMODELACION SUMINISTRO BAÑOS,-17683498,2019,March,1
1851,41,4155,1851 ETAPA 1 PROYECTO LA COLINA ED,0,2019,March,1
1851,41,4155,1851 ETAPA 1 PROYECTO LA COLINA ED,0,2019,April,1
1851,41,4155,1851 ETAPA 1 PROYECTO LA COLINA ED,7900000,2019,May,1
1856,41,4155,1856 DISTRITO 90,-111376393,2019,March,1
1856,41,4155,1856 DISTRITO 90,-38224196,2019,April,1
1856,41,4155,1856 DISTRITO 90,-38224196,2019,May,1
1856,41,4155,1856 DISTRITO 90,-38224196,2019,June,1
1857,41,4155,1857 COLPATRIA ALAMEDA SAN DIEGO,-19600000,2019,March,1
1857,41,4155,1857 COLPATRIA ALAMEDA SAN DIEGO,0,2019,April,1
1857,41,4155,1857 COLPATRIA ALAMEDA SAN DIEGO,-9800000,2019,May,1
1857,41,4155,1857 COLPATRIA ALAMEDA SAN DIEGO,-9800000,2019,June,1
1858,41,4155,1858 ED DE DIRECCION GENERAL BANCO,-80917118.92000002,2019,March,1
1858,41,4155,1858 ED DE DIRECCION GENERAL BANCO,-47409506,2019,April,1
1858,41,4155,1858 ED DE DIRECCION GENERAL BANCO,-48625843,2019,May,1
1858,41,4155,1858 ED DE DIRECCION GENERAL BANCO,-45938000,2019,June,1
1860,41,4155,1860 EDIFICIO 593,-23989390,2019,March,1
1860,41,4155,1860 EDIFICIO 593,-39979354,2019,April,1
1860,41,4155,1860 EDIFICIO 593,-30946186,2019,May,1
1860,41,4155,1860 EDIFICIO 593,-26084825,2019,June,1
1861,41,4155,1861 PRIMERA ETAPA UNIVERSITARIO SA,-61255023,2019,March,1
1861,41,4155,1861 PRIMERA ETAPA UNIVERSITARIO SA,-137014223,2019,April,1
1861,41,4155,1861 PRIMERA ETAPA UNIVERSITARIO SA,-53792237,2019,May,1
1861,41,4155,1861 PRIMERA ETAPA UNIVERSITARIO SA,-9692026,2019,June,1
1863,41,4155,1863 CENTRO DE INVESTIGACION BIOLOG,0,2019,March,1
1863,41,4155,1863 CENTRO DE INVESTIGACION BIOLOG,0,2019,April,1
1863,41,4155,1863 CENTRO DE INVESTIGACION BIOLOG,1968326,2019,May,1
1871,41,4155,1871 CAFETERIA COLEGIO NUEVA GRANAD,0,2019,March,1
1871,41,4155,1871 CAFETERIA COLEGIO NUEVA GRANAD,0,2019,April,1
1871,41,4155,1871 CAFETERIA COLEGIO NUEVA GRANAD,-3828581,2019,May,1
1873,41,4155,1873 CALLE 77,-22185698,2019,March,1
1873,41,4155,1873 CALLE 77,-18631518,2019,April,1
1873,41,4155,1873 CALLE 77,-19352318,2019,May,1
1873,41,4155,1873 CALLE 77,-19352318,2019,June,1
1874,41,4155,1874 REMODELACION CEDIS HOMECENTER,-35967138,2019,March,1
1874,41,4155,1874 REMODELACION CEDIS HOMECENTER,-33473247,2019,April,1
1874,41,4155,1874 REMODELACION CEDIS HOMECENTER,-33527839,2019,May,1
1874,41,4155,1874 REMODELACION CEDIS HOMECENTER,-36536384,2019,June,1
1875,41,4155,1875 PROYECTOS DE BLOQUE D Y H-CLIN,9415630,2019,March,1
1877,41,4155,1877 REMODELACION C.C.PLAZA DE LAS,-81858186,2019,March,1
1877,41,4155,1877 REMODELACION C.C.PLAZA DE LAS,-92665225,2019,April,1
1877,41,4155,1877 REMODELACION C.C.PLAZA DE LAS,-70118251,2019,May,1
1877,41,4155,1877 REMODELACION C.C.PLAZA DE LAS,-81567662,2019,June,1
1880,41,4155,1880 REPARACION CASA C.C. MALL PLAZ,-23457378,2019,March,1
1880,41,4155,1880 REPARACION CASA C.C. MALL PLAZ,-24309486,2019,April,1
1880,41,4155,1880 REPARACION CASA C.C. MALL PLAZ,-24268605,2019,May,1
1880,41,4155,1880 REPARACION CASA C.C. MALL PLAZ,-24268605,2019,June,1
1881,41,4155,1881 IBIS BUDGET MARLY,-27031599,2019,March,1
1881,41,4155,1881 IBIS BUDGET MARLY,32325120,2019,April,1
1881,41,4155,1881 IBIS BUDGET MARLY,-29189775,2019,May,1
1881,41,4155,1881 IBIS BUDGET MARLY,-8200000,2019,June,1
1883,41,4155,"1883 CONTRATO DE VEEDURÍA
CENTRO CO",-97790635,2019,March,1
1883,41,4155,"1883 CONTRATO DE VEEDURÍA
CENTRO CO",-11029019,2019,April,1
1883,41,4155,"1883 CONTRATO DE VEEDURÍA
CENTRO CO",-11029019,2019,May,1
1883,41,4155,"1883 CONTRATO DE VEEDURÍA
CENTRO CO",-11029019,2019,June,1
1884,41,4155,1884 CENTRO COMERCIAL NUESTRO CARTA,-87363577,2019,March,1
1884,41,4155,1884 CENTRO COMERCIAL NUESTRO CARTA,-10920447,2019,April,1
1884,41,4155,1884 CENTRO COMERCIAL NUESTRO CARTA,-10920447,2019,May,1
1884,41,4155,1884 CENTRO COMERCIAL NUESTRO CARTA,-10920447,2019,June,1
1887,41,4155,1887 EFC PREESCOLAR DEL COL ANGLO C,-11500000,2019,March,1
1887,41,4155,1887 EFC PREESCOLAR DEL COL ANGLO C,0,2019,April,1
1887,41,4155,1887 EFC PREESCOLAR DEL COL ANGLO C,46000,2019,May,1
1890,41,4155,1890 CENTRO CIVICO FASE 1 UNI ANDES,-34463806,2019,March,1
1890,41,4155,1890 CENTRO CIVICO FASE 1 UNI ANDES,93186141,2019,April,1
1890,41,4155,1890 CENTRO CIVICO FASE 1 UNI ANDES,-147185814,2019,May,1
1890,41,4155,1890 CENTRO CIVICO FASE 1 UNI ANDES,-164574075,2019,June,1
1891,41,4155,1891 PLAZA DE LAS AMERICAS ETAPA 3,-96532602,2019,March,1
1891,41,4155,1891 PLAZA DE LAS AMERICAS ETAPA 3,-34594817,2019,April,1
1891,41,4155,1891 PLAZA DE LAS AMERICAS ETAPA 3,-36919927,2019,May,1
1891,41,4155,1891 PLAZA DE LAS AMERICAS ETAPA 3,-36919927,2019,June,1
1893,41,4155,1893 MALL PLAZA CALI,-44804792,2019,March,1
1893,41,4155,1893 MALL PLAZA CALI,-38277681,2019,April,1
1893,41,4155,1893 MALL PLAZA CALI,-38277681,2019,May,1
1895,41,4155,1895 REMODELACION PISO 6 BL B,1940855,2019,March,1
1895,41,4155,1895 REMODELACION PISO 6 BL B,0,2019,April,1
1899,41,4155,1899 CLÍNICA AVIDANTI IBAGUE,-37080526,2019,March,1
1899,41,4155,1899 CLÍNICA AVIDANTI IBAGUE,-51567302,2019,April,1
1899,41,4155,1899 CLÍNICA AVIDANTI IBAGUE,-48158463,2019,May,1
1899,41,4155,1899 CLÍNICA AVIDANTI IBAGUE,-45576717,2019,June,1
1900,41,4155,1900 P. INSPIRA Y MUELLE CARGA,-190163092,2019,May,1
1900,41,4155,1900 P. INSPIRA Y MUELLE CARGA,-181835754,2019,June,1
1904,41,4155,1904 FUND. FANA  ADULTO MAYOR,-4612500,2019,April,1
1907,41,4155,1907 ALTAGRACIA,-12300000,2019,June,1
1577,41,4175,1577 CENTRO MUNDIAL DE NEGOCIOS-03,51716513,2019,March,1
1577,41,4175,1577 CENTRO MUNDIAL DE NEGOCIOS-03,-11089768,2019,May,1
1580,41,4175,1580 DESARROLLO CAMPUS EAN -07,79938055,2019,May,1
1686,41,4175,1686 CENTRO EMPRESARIAL CALLE 80,13472916,2019,April,1
1687,41,4175,1687 COLSUBSIDIO LA COLINA,75975156,2019,March,1
1687,41,4175,1687 COLSUBSIDIO LA COLINA,48927218,2019,April,1
1687,41,4175,1687 COLSUBSIDIO LA COLINA,-48927218,2019,May,1
1734,41,4175,1734 HOTEL DE LUJO GETSEMANI,45741513,2019,March,1
1753,41,4175,1753 FACHADAS C. C. ATLANTIS,26241872,2019,March,1
1753,41,4175,1753 FACHADAS C. C. ATLANTIS,4205477,2019,May,1
1776,41,4175,1776 UNIVERSIDAD SANTO TOMAS VILLAV,23894720,2019,May,1
1813,41,4175,1813 FISCALIA DE CUCUTA,469286792,2019,March,1
1813,41,4175,1813 FISCALIA DE CUCUTA,94780139,2019,April,1
1813,41,4175,1813 FISCALIA DE CUCUTA,76444783,2019,June,1
1818,41,4175,1818 BODEGA BAENA MORA,16840464,2019,March,1
1824,41,4175,1824 MEGAVITRINA GERENCIA,99396741,2019,March,1
1824,41,4175,1824 MEGAVITRINA GERENCIA,73425453,2019,April,1
1824,41,4175,1824 MEGAVITRINA GERENCIA,76125000,2019,May,1
1829,41,4175,1829 EDIF. NUEVA SEDE COR. CINECOLO,2599066,2019,April,1
1837,41,4175,1837 CEDI MERCADERIA IBAGUE,23273424,2019,May,1
1838,41,4175,1838 CASA LA BUHARDILLA,15346766,2019,April,1
1849,41,4175,1849 ZONAS EXTERIORES CENTRO ANDINO,27790900,2019,March,1
1850,41,4175,1850 REMODELACION SUMINISTRO BAÑOS,26412763,2019,March,1
1856,41,4175,1856 DISTRITO 90,73152197,2019,March,1
1858,41,4175,1858 ED DE DIRECCION GENERAL BANCO,88093410,2019,March,1
1860,41,4175,1860 EDIFICIO 593,22181975,2019,April,1
1860,41,4175,1860 EDIFICIO 593,875030,2019,May,1
1861,41,4175,1861 PRIMERA ETAPA UNIVERSITARIO SA,24722881,2019,March,1
1861,41,4175,1861 PRIMERA ETAPA UNIVERSITARIO SA,3153333,2019,May,1
1883,41,4175,"1883 CONTRATO DE VEEDURÍA
CENTRO CO",86761616,2019,March,1
1884,41,4175,1884 CENTRO COMERCIAL NUESTRO CARTA,76443130,2019,March,1
1890,41,4175,1890 CENTRO CIVICO FASE 1 UNI ANDES,132910126,2019,June,1
1891,41,4175,1891 PLAZA DE LAS AMERICAS ETAPA 3,61270920,2019,March,1
1900,41,4175,1900 P. INSPIRA Y MUELLE CARGA,148037167,2019,June,1
0000,42,,0000 ADMINISTRACION,-31402105.34,2019,March,1
0000,42,,0000 ADMINISTRACION,-17945219.61,2019,April,1
0000,42,,0000 ADMINISTRACION,-109058649.64,2019,May,1
0000,42,,0000 ADMINISTRACION,-952588.89,2019,June,1
0008,42,,0008 APRENDICES Y PRACTICANTES,-15000,2019,March,1
1507,42,,1507 REMODELACION CC METROPOLIS,-82871,2019,March,1
1507,42,,1507 REMODELACION CC METROPOLIS,-97493,2019,April,1
1507,42,,1507 REMODELACION CC METROPOLIS,-237741,2019,May,1
1580,42,,1580 DESARROLLO CAMPUS EAN -07,-28314,2019,May,1
1596,42,,1596 COLEGIO HELVETIA FASE 1 ETAPA,-150983,2019,May,1
1674,42,,1674 SAN ROQUE,-51446855,2019,March,1
1674,42,,1674 SAN ROQUE,-5777,2019,April,1
1674,42,,1674 SAN ROQUE,-249104,2019,May,1
1723,42,,1723 EDIFICIO SANTA MARIA,-10000000,2019,May,1
1789,42,,1789 CENTROS COMERCIALES TUJA Y ENV,-4100,2019,March,1
1789,42,,1789 CENTROS COMERCIALES TUJA Y ENV,-4100,2019,April,1
1789,42,,1789 CENTROS COMERCIALES TUJA Y ENV,-4100,2019,May,1
1813,42,,1813 FISCALIA DE CUCUTA,-23900,2019,April,1
1829,42,,1829 EDIF. NUEVA SEDE COR. CINECOLO,-96,2019,May,1
1838,42,,1838 CASA LA BUHARDILLA,-4100,2019,March,1
1838,42,,1838 CASA LA BUHARDILLA,-4100,2019,April,1
1838,42,,1838 CASA LA BUHARDILLA,-4100,2019,May,1
1890,42,,1890 CENTRO CIVICO FASE 1 UNI ANDES,-5628000,2019,May,1
9997,42,,9997 PRESUPUESTOS Y PROGRAMACION,-15000,2019,April,1
0000,51,,0000 ADMINISTRACION,152116220,2019,March,1
0000,51,,0000 ADMINISTRACION,137448079,2019,April,1
0000,51,,0000 ADMINISTRACION,143681140,2019,May,1
0000,51,,0000 ADMINISTRACION,96099801,2019,June,1
0001,51,,0001 GERENCIA GENERAL,45300435,2019,March,1
0001,51,,0001 GERENCIA GENERAL,33375409,2019,April,1
0001,51,,0001 GERENCIA GENERAL,35542211,2019,May,1
0001,51,,0001 GERENCIA GENERAL,59432339,2019,June,1
0002,51,,0002 COMERCIAL,231700,2019,March,1
0003,51,,0003 GESTION HUMANA,38494875,2019,March,1
0003,51,,0003 GESTION HUMANA,33569112,2019,April,1
0003,51,,0003 GESTION HUMANA,36004750,2019,May,1
0003,51,,0003 GESTION HUMANA,1300778,2019,June,1
0004,51,,0004 ADMINISTRACION,28986324,2019,March,1
0004,51,,0004 ADMINISTRACION,27964384,2019,April,1
0004,51,,0004 ADMINISTRACION,26078885,2019,May,1
0004,51,,0004 ADMINISTRACION,2379373,2019,June,1
0005,51,,0005 TECNOLOGIA,15769393,2019,March,1
0005,51,,0005 TECNOLOGIA,15768215,2019,April,1
0005,51,,0005 TECNOLOGIA,16461133,2019,May,1
0005,51,,0005 TECNOLOGIA,42558,2019,June,1
0006,51,,0006 FINANCIERA,27692961,2019,March,1
0006,51,,0006 FINANCIERA,26401791,2019,April,1
0006,51,,0006 FINANCIERA,37010525,2019,May,1
0006,51,,0006 FINANCIERA,396873,2019,June,1
0008,51,,0008 APRENDICES Y PRACTICANTES,0,2019,March,1
0008,51,,0008 APRENDICES Y PRACTICANTES,0,2019,April,1
0008,51,,0008 APRENDICES Y PRACTICANTES,3838928,2019,May,1
0009,51,,0009 PROYECTO ANALITICA,18353255,2019,March,1
0009,51,,0009 PROYECTO ANALITICA,18502750,2019,April,1
0009,51,,0009 PROYECTO ANALITICA,18694621,2019,May,1
0009,51,,0009 PROYECTO ANALITICA,20000000,2019,June,1
0674,51,,0674 HSEQ,21895653,2019,March,1
0674,51,,0674 HSEQ,19360643,2019,April,1
0674,51,,0674 HSEQ,21193663,2019,May,1
1846,51,,1846 URBAN. PLAZA CLARO IDU 1457,3150000,2019,March,1
0,52,,0 Acumulado,65,2019,April,1
0000,52,,0000 ADMINISTRACION,999071,2019,March,1
0000,52,,0000 ADMINISTRACION,999114,2019,April,1
0000,52,,0000 ADMINISTRACION,999220,2019,May,1
0000,52,,0000 ADMINISTRACION,868,2019,June,1
0002,52,,0002 COMERCIAL,31636424,2019,March,1
0002,52,,0002 COMERCIAL,33571523,2019,April,1
0002,52,,0002 COMERCIAL,36209278,2019,May,1
0002,52,,0002 COMERCIAL,501976,2019,June,1
1626,52,,1626 URBAIN 52,405000,2019,May,1
9998,52,,9998 CONTRATACIONES,4458903,2019,March,1
0,53,,0 Acumulado,2701,2019,March,1
0,53,,0 Acumulado,4868.55,2019,May,1
0000,53,,0000 ADMINISTRACION,10465306.99,2019,March,1
0000,53,,0000 ADMINISTRACION,34056764.73,2019,April,1
0000,53,,0000 ADMINISTRACION,6672026,2019,May,1
0002,53,,0002 COMERCIAL,7321,2019,March,1
0003,53,,0003 GESTION HUMANA,75000,2019,March,1
1626,53,,1626 URBAIN 52,1970916,2019,March,1
1626,53,,1626 URBAIN 52,985458,2019,April,1
0,54,,0 Acumulado,48750000,2019,March,1
0,54,,0 Acumulado,219110000,2019,April,1
0,54,,0 Acumulado,271098000,2019,May,1
0,72,,0 Acumulado,17595000,2019,March,1
0,72,,0 Acumulado,21158000,2019,April,1
0,72,,0 Acumulado,22949707.189999998,2019,May,1
0,72,,0 Acumulado,6284,2019,June,1
0000,72,,0000 ADMINISTRACION,17821064,2019,March,1
0000,72,,0000 ADMINISTRACION,6855453,2019,April,1
0000,72,,0000 ADMINISTRACION,15138841,2019,May,1
0000,72,,0000 ADMINISTRACION,8712718,2019,June,1
0001,72,,0001 GERENCIA GENERAL,125802,2019,March,1
0001,72,,0001 GERENCIA GENERAL,119410,2019,April,1
0001,72,,0001 GERENCIA GENERAL,30594383,2019,May,1
0001,72,,0001 GERENCIA GENERAL,561375,2019,June,1
0003,72,,0003 GESTION HUMANA,50250,2019,May,1
0003,72,,0003 GESTION HUMANA,825200,2019,June,1
0004,72,,0004 ADMINISTRACION,317724,2019,May,1
0004,72,,0004 ADMINISTRACION,60258,2019,June,1
0005,72,,0005 TECNOLOGIA,190000,2019,March,1
0007,72,,0007 GERENCIA TECNICA,2336702,2019,March,1
0007,72,,0007 GERENCIA TECNICA,2481759,2019,April,1
0007,72,,0007 GERENCIA TECNICA,2352272,2019,May,1
0007,72,,0007 GERENCIA TECNICA,1052774,2019,June,1
0674,72,,0674 HSEQ,259378,2019,March,1
0674,72,,0674 HSEQ,610662,2019,April,1
0674,72,,0674 HSEQ,383828,2019,May,1
0674,72,,0674 HSEQ,175058,2019,June,1
1358,72,,1358 CTRO INTERNAL DE CONVENCIONES,1332898,2019,March,1
1358,72,,1358 CTRO INTERNAL DE CONVENCIONES,971000,2019,April,1
1358,72,,1358 CTRO INTERNAL DE CONVENCIONES,4514739,2019,May,1
1358,72,,1358 CTRO INTERNAL DE CONVENCIONES,113851,2019,June,1
1385,72,,1385 C. HOSPITALARIO SERENA DEL MAR,18690391,2019,March,1
1385,72,,1385 C. HOSPITALARIO SERENA DEL MAR,17338565,2019,April,1
1385,72,,1385 C. HOSPITALARIO SERENA DEL MAR,15362525,2019,May,1
1385,72,,1385 C. HOSPITALARIO SERENA DEL MAR,-76379243,2019,June,1
1461,72,,1461 C CORPORATIVO SERENA DEL MAR,0,2019,March,1
1475,72,,1475 IROTAMA RESERVADO,0,2019,March,1
1507,72,,1507 REMODELACION CC METROPOLIS,-138016250,2019,March,1
1507,72,,1507 REMODELACION CC METROPOLIS,137827,2019,April,1
1507,72,,1507 REMODELACION CC METROPOLIS,-136248435,2019,May,1
1507,72,,1507 REMODELACION CC METROPOLIS,-63553069,2019,June,1
1565,72,,1565 COMPENSAR CLINICA EL BOSQUE 06,396448,2019,March,1
1565,72,,1565 COMPENSAR CLINICA EL BOSQUE 06,962271,2019,April,1
1565,72,,1565 COMPENSAR CLINICA EL BOSQUE 06,212891,2019,May,1
1565,72,,1565 COMPENSAR CLINICA EL BOSQUE 06,50988,2019,June,1
1577,72,,1577 CENTRO MUNDIAL DE NEGOCIOS-03,506722,2019,March,1
1577,72,,1577 CENTRO MUNDIAL DE NEGOCIOS-03,333791,2019,April,1
1577,72,,1577 CENTRO MUNDIAL DE NEGOCIOS-03,317436,2019,May,1
1577,72,,1577 CENTRO MUNDIAL DE NEGOCIOS-03,225568,2019,June,1
1580,72,,1580 DESARROLLO CAMPUS EAN -07,560696,2019,March,1
1580,72,,1580 DESARROLLO CAMPUS EAN -07,431448,2019,April,1
1580,72,,1580 DESARROLLO CAMPUS EAN -07,700751,2019,May,1
1580,72,,1580 DESARROLLO CAMPUS EAN -07,112558,2019,June,1
1588,72,,1588 MALL PLAZA BARRANQUILLA,636389,2019,March,1
1588,72,,1588 MALL PLAZA BARRANQUILLA,528037,2019,April,1
1588,72,,1588 MALL PLAZA BARRANQUILLA,185830,2019,May,1
1588,72,,1588 MALL PLAZA BARRANQUILLA,665258,2019,June,1
1590,72,,1590 CITY U - 03,9500,2019,May,1
1596,72,,1596 COLEGIO HELVETIA FASE 1 ETAPA,599714,2019,March,1
1596,72,,1596 COLEGIO HELVETIA FASE 1 ETAPA,236464,2019,April,1
1596,72,,1596 COLEGIO HELVETIA FASE 1 ETAPA,419460,2019,May,1
1596,72,,1596 COLEGIO HELVETIA FASE 1 ETAPA,42558,2019,June,1
1618,72,,1618 REMOD C.C. SALITRE PLAZA,39992,2019,March,1
1618,72,,1618 REMOD C.C. SALITRE PLAZA,39992,2019,April,1
1618,72,,1618 REMOD C.C. SALITRE PLAZA,10133497,2019,May,1
1618,72,,1618 REMOD C.C. SALITRE PLAZA,42558,2019,June,1
1622,72,,1622 ATRIO - QBO,60600,2019,March,1
1622,72,,1622 ATRIO - QBO,211635,2019,April,1
1622,72,,1622 ATRIO - QBO,168400,2019,May,1
1626,72,,1626 URBAIN 52,639310,2019,March,1
1626,72,,1626 URBAIN 52,2491300,2019,April,1
1626,72,,1626 URBAIN 52,783110,2019,May,1
1626,72,,1626 URBAIN 52,624330,2019,June,1
1631,72,,1631 BLOQUE C - UNIANDES,30000,2019,May,1
1670,72,,1670 PLAN NAL DE INFRAESTRUCTURA ED,1644163,2019,March,1
1670,72,,1670 PLAN NAL DE INFRAESTRUCTURA ED,861738,2019,April,1
1670,72,,1670 PLAN NAL DE INFRAESTRUCTURA ED,1055024,2019,May,1
1670,72,,1670 PLAN NAL DE INFRAESTRUCTURA ED,612734,2019,June,1
1674,72,,1674 SAN ROQUE,0,2019,March,1
1687,72,,1687 COLSUBSIDIO LA COLINA,877579,2019,March,1
1687,72,,1687 COLSUBSIDIO LA COLINA,-42371901,2019,April,1
1687,72,,1687 COLSUBSIDIO LA COLINA,-80586168,2019,May,1
1687,72,,1687 COLSUBSIDIO LA COLINA,-32385399,2019,June,1
1689,72,,1689 HOTEL HILTON SANTA MARTA,749009,2019,March,1
1689,72,,1689 HOTEL HILTON SANTA MARTA,1073461,2019,April,1
1689,72,,1689 HOTEL HILTON SANTA MARTA,279230,2019,May,1
1689,72,,1689 HOTEL HILTON SANTA MARTA,580200,2019,June,1
1700,72,,1700 MINIS DE EDUCACION FFIE 006,830804,2019,March,1
1700,72,,1700 MINIS DE EDUCACION FFIE 006,176004,2019,April,1
1700,72,,1700 MINIS DE EDUCACION FFIE 006,185684,2019,May,1
1700,72,,1700 MINIS DE EDUCACION FFIE 006,185684,2019,June,1
1701,72,,1701 CAMPUS POLITECNICO GRANCOLOMBI,431488,2019,March,1
1701,72,,1701 CAMPUS POLITECNICO GRANCOLOMBI,511898,2019,April,1
1701,72,,1701 CAMPUS POLITECNICO GRANCOLOMBI,504808,2019,May,1
1701,72,,1701 CAMPUS POLITECNICO GRANCOLOMBI,163736,2019,June,1
1706,72,,1706 MINEDUCACION FFIE 006 GR7,8830367,2019,March,1
1706,72,,1706 MINEDUCACION FFIE 006 GR7,11851049,2019,April,1
1706,72,,1706 MINEDUCACION FFIE 006 GR7,9422494,2019,May,1
1706,72,,1706 MINEDUCACION FFIE 006 GR7,2702320,2019,June,1
1713,72,,1713 USTA-TUNJA,180895,2019,March,1
1713,72,,1713 USTA-TUNJA,392135,2019,April,1
1713,72,,1713 USTA-TUNJA,245860,2019,May,1
1715,72,,1715 GERENCIA INTEGRAL UNIANDES,393281,2019,March,1
1715,72,,1715 GERENCIA INTEGRAL UNIANDES,2570369,2019,April,1
1715,72,,1715 GERENCIA INTEGRAL UNIANDES,146493,2019,May,1
1715,72,,1715 GERENCIA INTEGRAL UNIANDES,70000,2019,June,1
1723,72,,1723 EDIFICIO SANTA MARIA,18052151,2019,March,1
1723,72,,1723 EDIFICIO SANTA MARIA,18126072,2019,April,1
1723,72,,1723 EDIFICIO SANTA MARIA,10033366,2019,May,1
1723,72,,1723 EDIFICIO SANTA MARIA,605155,2019,June,1
1734,72,,1734 HOTEL DE LUJO GETSEMANI,410862,2019,March,1
1734,72,,1734 HOTEL DE LUJO GETSEMANI,351545,2019,April,1
1734,72,,1734 HOTEL DE LUJO GETSEMANI,946912,2019,May,1
1734,72,,1734 HOTEL DE LUJO GETSEMANI,300000,2019,June,1
1739,72,,1739 EDIFICIO CALLE 93-CRA 15 EXTER,1134,2019,June,1
1744,72,,1744 EDIFICIO CALLE 92-11,310197,2019,March,1
1744,72,,1744 EDIFICIO CALLE 92-11,260276,2019,April,1
1744,72,,1744 EDIFICIO CALLE 92-11,286689,2019,May,1
1744,72,,1744 EDIFICIO CALLE 92-11,179523,2019,June,1
1751,72,,1751 IROTAMA TORRE C,861800,2019,March,1
1751,72,,1751 IROTAMA TORRE C,315978,2019,April,1
1751,72,,1751 IROTAMA TORRE C,1263142,2019,May,1
1751,72,,1751 IROTAMA TORRE C,290793,2019,June,1
1753,72,,1753 FACHADAS C. C. ATLANTIS,39992,2019,March,1
1753,72,,1753 FACHADAS C. C. ATLANTIS,149992,2019,April,1
1753,72,,1753 FACHADAS C. C. ATLANTIS,42558,2019,May,1
1753,72,,1753 FACHADAS C. C. ATLANTIS,42558,2019,June,1
1755,72,,1755 FUNDA. SANTA FE INTEGRACION,506768,2019,March,1
1755,72,,1755 FUNDA. SANTA FE INTEGRACION,633481,2019,April,1
1755,72,,1755 FUNDA. SANTA FE INTEGRACION,318746,2019,May,1
1755,72,,1755 FUNDA. SANTA FE INTEGRACION,160280,2019,June,1
1756,72,,1756 CAMPUS UNIVERSIDAD CENTRAL,584063,2019,March,1
1756,72,,1756 CAMPUS UNIVERSIDAD CENTRAL,455808,2019,April,1
1756,72,,1756 CAMPUS UNIVERSIDAD CENTRAL,593078,2019,May,1
1756,72,,1756 CAMPUS UNIVERSIDAD CENTRAL,2363679,2019,June,1
1758,72,,1758 PROYECTOS VARIOS EXTERNADO,251216,2019,March,1
1758,72,,1758 PROYECTOS VARIOS EXTERNADO,215971,2019,April,1
1758,72,,1758 PROYECTOS VARIOS EXTERNADO,228749,2019,May,1
1758,72,,1758 PROYECTOS VARIOS EXTERNADO,135400,2019,June,1
1776,72,,1776 UNIVERSIDAD SANTO TOMAS VILLAV,150000,2019,May,1
1789,72,,1789 CENTROS COMERCIALES TUJA Y ENV,578500,2019,March,1
1789,72,,1789 CENTROS COMERCIALES TUJA Y ENV,779542,2019,April,1
1789,72,,1789 CENTROS COMERCIALES TUJA Y ENV,1169558,2019,May,1
1789,72,,1789 CENTROS COMERCIALES TUJA Y ENV,540366,2019,June,1
1791,72,,1791 CENTRO COMERCIAL ALEGRA,573884,2019,March,1
1791,72,,1791 CENTRO COMERCIAL ALEGRA,386146,2019,April,1
1791,72,,1791 CENTRO COMERCIAL ALEGRA,611490,2019,May,1
1791,72,,1791 CENTRO COMERCIAL ALEGRA,42558,2019,June,1
1796,72,,1796 HOTEL DECAMERON MARYLAND,11261,2019,April,1
1796,72,,1796 HOTEL DECAMERON MARYLAND,11008,2019,June,1
1802,72,,1802 TORRE 3A PLAZA DE LAS AMERICAS,270050,2019,March,1
1802,72,,1802 TORRE 3A PLAZA DE LAS AMERICAS,257219,2019,April,1
1802,72,,1802 TORRE 3A PLAZA DE LAS AMERICAS,232860,2019,May,1
1802,72,,1802 TORRE 3A PLAZA DE LAS AMERICAS,104385,2019,June,1
1803,72,,1803 BODEGA PROSEGUR,95000,2019,March,1
1804,72,,1804 EDIFICIO QUINTA MUTIS ROSARIO,27563,2019,March,1
1804,72,,1804 EDIFICIO QUINTA MUTIS ROSARIO,42184,2019,April,1
1804,72,,1804 EDIFICIO QUINTA MUTIS ROSARIO,1301871,2019,May,1
1806,72,,1806 PROYECTOS VARIOS AVIANCA,1673244,2019,March,1
1806,72,,1806 PROYECTOS VARIOS AVIANCA,637509,2019,April,1
1806,72,,1806 PROYECTOS VARIOS AVIANCA,1389914,2019,May,1
1806,72,,1806 PROYECTOS VARIOS AVIANCA,303616,2019,June,1
1813,72,,1813 FISCALIA DE CUCUTA,1749544,2019,March,1
1813,72,,1813 FISCALIA DE CUCUTA,2162770,2019,April,1
1813,72,,1813 FISCALIA DE CUCUTA,2853988,2019,May,1
1813,72,,1813 FISCALIA DE CUCUTA,70258,2019,June,1
1818,72,,1818 BODEGA BAENA MORA,274059,2019,March,1
1818,72,,1818 BODEGA BAENA MORA,219661,2019,April,1
1818,72,,1818 BODEGA BAENA MORA,21597,2019,June,1
1824,72,,1824 MEGAVITRINA GERENCIA,170358,2019,March,1
1824,72,,1824 MEGAVITRINA GERENCIA,449320,2019,April,1
1824,72,,1824 MEGAVITRINA GERENCIA,715937,2019,May,1
1826,72,,1826 C. INVESTIGACION BIOLOGIA U. R,1172237,2019,March,1
1826,72,,1826 C. INVESTIGACION BIOLOGIA U. R,1180487,2019,April,1
1826,72,,1826 C. INVESTIGACION BIOLOGIA U. R,2224040,2019,May,1
1826,72,,1826 C. INVESTIGACION BIOLOGIA U. R,1172816,2019,June,1
1829,72,,1829 EDIF. NUEVA SEDE COR. CINECOLO,190451,2019,March,1
1829,72,,1829 EDIF. NUEVA SEDE COR. CINECOLO,3127743,2019,April,1
1829,72,,1829 EDIF. NUEVA SEDE COR. CINECOLO,3179123,2019,May,1
1829,72,,1829 EDIF. NUEVA SEDE COR. CINECOLO,39372,2019,June,1
1832,72,,1832 SINIESTRO INCENDIO CCIB,39992,2019,March,1
1832,72,,1832 SINIESTRO INCENDIO CCIB,39992,2019,April,1
1832,72,,1832 SINIESTRO INCENDIO CCIB,42558,2019,May,1
1832,72,,1832 SINIESTRO INCENDIO CCIB,42558,2019,June,1
1837,72,,1837 CEDI MERCADERIA IBAGUE,2028142,2019,March,1
1837,72,,1837 CEDI MERCADERIA IBAGUE,372106,2019,April,1
1837,72,,1837 CEDI MERCADERIA IBAGUE,1304258,2019,May,1
1837,72,,1837 CEDI MERCADERIA IBAGUE,431658,2019,June,1
1838,72,,1838 CASA LA BUHARDILLA,291771,2019,March,1
1838,72,,1838 CASA LA BUHARDILLA,306002,2019,April,1
1838,72,,1838 CASA LA BUHARDILLA,271150,2019,May,1
1838,72,,1838 CASA LA BUHARDILLA,95242,2019,June,1
1842,72,,1842 LOCAL A.C. CHIPICHAPE,210600,2019,March,1
1842,72,,1842 LOCAL A.C. CHIPICHAPE,1109750,2019,April,1
1842,72,,1842 LOCAL A.C. CHIPICHAPE,642160,2019,May,1
1842,72,,1842 LOCAL A.C. CHIPICHAPE,70258,2019,June,1
1845,72,,1845 CUBIERTA C.C. ANDINO,183018,2019,April,1
1846,72,,1846 URBAN. PLAZA CLARO IDU 1457,20000,2019,March,1
1846,72,,1846 URBAN. PLAZA CLARO IDU 1457,1640000,2019,April,1
1846,72,,1846 URBAN. PLAZA CLARO IDU 1457,1800000,2019,May,1
1848,72,,1848 REMODE. OFICINA BID P 20,242028,2019,March,1
1848,72,,1848 REMODE. OFICINA BID P 20,197477,2019,April,1
1848,72,,1848 REMODE. OFICINA BID P 20,-47233,2019,May,1
1848,72,,1848 REMODE. OFICINA BID P 20,70258,2019,June,1
1849,72,,1849 ZONAS EXTERIORES CENTRO ANDINO,39992,2019,March,1
1849,72,,1849 ZONAS EXTERIORES CENTRO ANDINO,68511,2019,April,1
1849,72,,1849 ZONAS EXTERIORES CENTRO ANDINO,23894,2019,May,1
1850,72,,1850 REMODELACION SUMINISTRO BAÑOS,74583,2019,March,1
1856,72,,1856 DISTRITO 90,884820,2019,March,1
1856,72,,1856 DISTRITO 90,295262,2019,April,1
1856,72,,1856 DISTRITO 90,153329,2019,May,1
1856,72,,1856 DISTRITO 90,2130000,2019,June,1
1857,72,,1857 COLPATRIA ALAMEDA SAN DIEGO,54392,2019,March,1
1857,72,,1857 COLPATRIA ALAMEDA SAN DIEGO,54392,2019,April,1
1857,72,,1857 COLPATRIA ALAMEDA SAN DIEGO,68608,2019,May,1
1857,72,,1857 COLPATRIA ALAMEDA SAN DIEGO,42558,2019,June,1
1858,72,,1858 ED DE DIRECCION GENERAL BANCO,418770,2019,March,1
1858,72,,1858 ED DE DIRECCION GENERAL BANCO,608705,2019,April,1
1858,72,,1858 ED DE DIRECCION GENERAL BANCO,597371,2019,May,1
1858,72,,1858 ED DE DIRECCION GENERAL BANCO,336465,2019,June,1
1860,72,,1860 EDIFICIO 593,62908,2019,March,1
1860,72,,1860 EDIFICIO 593,159412,2019,April,1
1860,72,,1860 EDIFICIO 593,331342,2019,May,1
1861,72,,1861 PRIMERA ETAPA UNIVERSITARIO SA,5960965,2019,March,1
1861,72,,1861 PRIMERA ETAPA UNIVERSITARIO SA,4782761,2019,April,1
1861,72,,1861 PRIMERA ETAPA UNIVERSITARIO SA,4427330,2019,May,1
1861,72,,1861 PRIMERA ETAPA UNIVERSITARIO SA,3653363,2019,June,1
1866,72,,1866 COLPATRIA LA FELICIDAD EL OASI,199949,2019,April,1
1870,72,,1870 COLPATRIA FELICIDAD CERROS T1,596808,2019,April,1
1871,72,,1871 CAFETERIA COLEGIO NUEVA GRANAD,90000,2019,May,1
1873,72,,1873 CALLE 77,195063,2019,March,1
1873,72,,1873 CALLE 77,209162,2019,April,1
1873,72,,1873 CALLE 77,529168,2019,May,1
1873,72,,1873 CALLE 77,143824,2019,June,1
1874,72,,1874 REMODELACION CEDIS HOMECENTER,419500,2019,March,1
1874,72,,1874 REMODELACION CEDIS HOMECENTER,388615,2019,April,1
1874,72,,1874 REMODELACION CEDIS HOMECENTER,631921,2019,May,1
1874,72,,1874 REMODELACION CEDIS HOMECENTER,292919,2019,June,1
1877,72,,1877 REMODELACION C.C.PLAZA DE LAS,348981,2019,March,1
1877,72,,1877 REMODELACION C.C.PLAZA DE LAS,103358,2019,April,1
1877,72,,1877 REMODELACION C.C.PLAZA DE LAS,315380,2019,May,1
1880,72,,1880 REPARACION CASA C.C. MALL PLAZ,400952,2019,March,1
1880,72,,1880 REPARACION CASA C.C. MALL PLAZ,578562,2019,April,1
1880,72,,1880 REPARACION CASA C.C. MALL PLAZ,673086,2019,May,1
1881,72,,1881 IBIS BUDGET MARLY,123422,2019,March,1
1881,72,,1881 IBIS BUDGET MARLY,118842,2019,April,1
1881,72,,1881 IBIS BUDGET MARLY,-37282905,2019,May,1
1881,72,,1881 IBIS BUDGET MARLY,-9041497,2019,June,1
1883,72,,"1883 CONTRATO DE VEEDURÍA
CENTRO CO",214500,2019,May,1
1884,72,,1884 CENTRO COMERCIAL NUESTRO CARTA,1642294,2019,March,1
1884,72,,1884 CENTRO COMERCIAL NUESTRO CARTA,517994,2019,April,1
1884,72,,1884 CENTRO COMERCIAL NUESTRO CARTA,2555600,2019,May,1
1884,72,,1884 CENTRO COMERCIAL NUESTRO CARTA,405400,2019,June,1
1889,72,,1889 COLISEO CUBIERTO GIMNASIO MODE,2521,2019,March,1
1890,72,,1890 CENTRO CIVICO FASE 1 UNI ANDES,1667030,2019,March,1
1890,72,,1890 CENTRO CIVICO FASE 1 UNI ANDES,2941177,2019,April,1
1890,72,,1890 CENTRO CIVICO FASE 1 UNI ANDES,3251076,2019,May,1
1891,72,,1891 PLAZA DE LAS AMERICAS ETAPA 3,39235,2019,April,1
1891,72,,1891 PLAZA DE LAS AMERICAS ETAPA 3,209753,2019,May,1
1893,72,,1893 MALL PLAZA CALI,6497509,2019,March,1
1893,72,,1893 MALL PLAZA CALI,1024729,2019,April,1
1893,72,,1893 MALL PLAZA CALI,1944941,2019,May,1
1893,72,,1893 MALL PLAZA CALI,2114100,2019,June,1
1899,72,,1899 CLÍNICA AVIDANTI IBAGUE,3939604,2019,March,1
1899,72,,1899 CLÍNICA AVIDANTI IBAGUE,1369038,2019,April,1
1899,72,,1899 CLÍNICA AVIDANTI IBAGUE,713088,2019,May,1
1899,72,,1899 CLÍNICA AVIDANTI IBAGUE,1226168,2019,June,1
1900,72,,1900 P. INSPIRA Y MUELLE CARGA,491831,2019,April,1
1900,72,,1900 P. INSPIRA Y MUELLE CARGA,42558,2019,May,1
1900,72,,1900 P. INSPIRA Y MUELLE CARGA,42558,2019,June,1
1902,72,,1902 HOSP.C VERDE SOACHA - AVIDANTI,7516735,2019,April,1
1903,72,,1903 REM PISCINA 3 HILTON CARTAGENA,42430,2019,May,1
1903,72,,1903 REM PISCINA 3 HILTON CARTAGENA,160758,2019,June,1
1908,72,,1908 EDIF.PQ TEC VILLAMARIA CALDAS,2000545,2019,May,1
1908,72,,1908 EDIF.PQ TEC VILLAMARIA CALDAS,930000,2019,June,1
1909,72,,1909 SEDE ADM CELAM Y ESC CEBITEPAL,858120,2019,June,1
1910,72,,1910 TIENDA BUENAVISTA 3 BQUILLA,891900,2019,June,1
9992,72,,9992 POST-VENTA,20000,2019,March,1
9992,72,,9992 POST-VENTA,44569,2019,June,1
9993,72,,9993 COSTO TRANSITO PROPUESTA,20000,2019,March,1
9993,72,,9993 COSTO TRANSITO PROPUESTA,1740620,2019,April,1
9993,72,,9993 COSTO TRANSITO PROPUESTA,1236279,2019,May,1
9993,72,,9993 COSTO TRANSITO PROPUESTA,434746,2019,June,1
9995,72,,9995 GT ETAPA PREVIA,98492,2019,March,1
9995,72,,9995 GT ETAPA PREVIA,39992,2019,April,1
9995,72,,9995 GT ETAPA PREVIA,42558,2019,May,1
9995,72,,9995 GT ETAPA PREVIA,42558,2019,June,1
9996,72,,9996 GASTOS DE VIAJES PROPUESTAS,300000,2019,May,1
9997,72,,9997 PRESUPUESTOS Y PROGRAMACION,115126,2019,May,1
9998,72,,9998 CONTRATACIONES,403729,2019,March,1
9998,72,,9998 CONTRATACIONES,923348,2019,April,1
9998,72,,9998 CONTRATACIONES,946564,2019,May,1
9998,72,,9998 CONTRATACIONES,152964,2019,June,1
0000,72,7205,0000 ADMINISTRACION,7685960,2019,March,1
0000,72,7205,0000 ADMINISTRACION,12448438,2019,April,1
0000,72,7205,0000 ADMINISTRACION,7380394,2019,June,1
0002,72,7205,0002 COMERCIAL,195235,2019,May,1
0004,72,7205,0004 ADMINISTRACION,226050,2019,June,1
0007,72,7205,0007 GERENCIA TECNICA,37404700,2019,March,1
0007,72,7205,0007 GERENCIA TECNICA,36033109,2019,April,1
0007,72,7205,0007 GERENCIA TECNICA,36157838,2019,May,1
0007,72,7205,0007 GERENCIA TECNICA,255500,2019,June,1
0008,72,7205,0008 APRENDICES Y PRACTICANTES,19925954,2019,March,1
0008,72,7205,0008 APRENDICES Y PRACTICANTES,19167698,2019,April,1
0008,72,7205,0008 APRENDICES Y PRACTICANTES,13470687,2019,May,1
0674,72,7205,0674 HSEQ,269473,2019,March,1
0674,72,7205,0674 HSEQ,1441457,2019,April,1
0674,72,7205,0674 HSEQ,749973,2019,May,1
0674,72,7205,0674 HSEQ,149973,2019,June,1
1358,72,7205,1358 CTRO INTERNAL DE CONVENCIONES,4122515,2019,March,1
1358,72,7205,1358 CTRO INTERNAL DE CONVENCIONES,2709862,2019,April,1
1358,72,7205,1358 CTRO INTERNAL DE CONVENCIONES,7232980,2019,May,1
1385,72,7205,1385 C. HOSPITALARIO SERENA DEL MAR,151045791,2019,March,1
1385,72,7205,1385 C. HOSPITALARIO SERENA DEL MAR,149726330,2019,April,1
1385,72,7205,1385 C. HOSPITALARIO SERENA DEL MAR,129527489,2019,May,1
1385,72,7205,1385 C. HOSPITALARIO SERENA DEL MAR,1411020,2019,June,1
1461,72,7205,1461 C CORPORATIVO SERENA DEL MAR,0,2019,March,1
1475,72,7205,1475 IROTAMA RESERVADO,0,2019,March,1
1507,72,7205,1507 REMODELACION CC METROPOLIS,52045407,2019,March,1
1507,72,7205,1507 REMODELACION CC METROPOLIS,46895078,2019,April,1
1507,72,7205,1507 REMODELACION CC METROPOLIS,46339050,2019,May,1
1565,72,7205,1565 COMPENSAR CLINICA EL BOSQUE 06,4246731,2019,March,1
1565,72,7205,1565 COMPENSAR CLINICA EL BOSQUE 06,4246731,2019,April,1
1565,72,7205,1565 COMPENSAR CLINICA EL BOSQUE 06,4246731,2019,May,1
1565,72,7205,1565 COMPENSAR CLINICA EL BOSQUE 06,67335,2019,June,1
1577,72,7205,1577 CENTRO MUNDIAL DE NEGOCIOS-03,41534383,2019,March,1
1577,72,7205,1577 CENTRO MUNDIAL DE NEGOCIOS-03,39836981,2019,April,1
1577,72,7205,1577 CENTRO MUNDIAL DE NEGOCIOS-03,42304486,2019,May,1
1577,72,7205,1577 CENTRO MUNDIAL DE NEGOCIOS-03,85875,2019,June,1
1580,72,7205,1580 DESARROLLO CAMPUS EAN -07,46372829,2019,March,1
1580,72,7205,1580 DESARROLLO CAMPUS EAN -07,45832037,2019,April,1
1580,72,7205,1580 DESARROLLO CAMPUS EAN -07,54814081,2019,May,1
1580,72,7205,1580 DESARROLLO CAMPUS EAN -07,130765,2019,June,1
1588,72,7205,1588 MALL PLAZA BARRANQUILLA,54904746,2019,March,1
1588,72,7205,1588 MALL PLAZA BARRANQUILLA,58054994,2019,April,1
1588,72,7205,1588 MALL PLAZA BARRANQUILLA,60244990,2019,May,1
1596,72,7205,1596 COLEGIO HELVETIA FASE 1 ETAPA,30788793,2019,March,1
1596,72,7205,1596 COLEGIO HELVETIA FASE 1 ETAPA,32794761,2019,April,1
1596,72,7205,1596 COLEGIO HELVETIA FASE 1 ETAPA,36940281,2019,May,1
1596,72,7205,1596 COLEGIO HELVETIA FASE 1 ETAPA,382406,2019,June,1
1618,72,7205,1618 REMOD C.C. SALITRE PLAZA,20794732,2019,March,1
1618,72,7205,1618 REMOD C.C. SALITRE PLAZA,14670318,2019,April,1
1618,72,7205,1618 REMOD C.C. SALITRE PLAZA,3482544,2019,May,1
1622,72,7205,1622 ATRIO - QBO,77117846,2019,March,1
1622,72,7205,1622 ATRIO - QBO,78162854,2019,April,1
1622,72,7205,1622 ATRIO - QBO,72994470,2019,May,1
1622,72,7205,1622 ATRIO - QBO,529786,2019,June,1
1631,72,7205,1631 BLOQUE C - UNIANDES,0,2019,March,1
1631,72,7205,1631 BLOQUE C - UNIANDES,0,2019,April,1
1631,72,7205,1631 BLOQUE C - UNIANDES,0,2019,May,1
1647,72,7205,1647 C. CORP SERENA DEL MAR G OBRA,0,2019,March,1
1670,72,7205,1670 PLAN NAL DE INFRAESTRUCTURA ED,51589433,2019,March,1
1670,72,7205,1670 PLAN NAL DE INFRAESTRUCTURA ED,48465112,2019,April,1
1670,72,7205,1670 PLAN NAL DE INFRAESTRUCTURA ED,50818691,2019,May,1
1670,72,7205,1670 PLAN NAL DE INFRAESTRUCTURA ED,387327,2019,June,1
1674,72,7205,1674 SAN ROQUE,150907,2019,March,1
1674,72,7205,1674 SAN ROQUE,124603,2019,April,1
1687,72,7205,1687 COLSUBSIDIO LA COLINA,36570972,2019,March,1
1687,72,7205,1687 COLSUBSIDIO LA COLINA,35861079,2019,April,1
1687,72,7205,1687 COLSUBSIDIO LA COLINA,31304748,2019,May,1
1687,72,7205,1687 COLSUBSIDIO LA COLINA,191325,2019,June,1
1689,72,7205,1689 HOTEL HILTON SANTA MARTA,22142083,2019,March,1
1689,72,7205,1689 HOTEL HILTON SANTA MARTA,22579850,2019,April,1
1689,72,7205,1689 HOTEL HILTON SANTA MARTA,24334041,2019,May,1
1700,72,7205,1700 MINIS DE EDUCACION FFIE 006,14860121,2019,March,1
1700,72,7205,1700 MINIS DE EDUCACION FFIE 006,17701175,2019,April,1
1700,72,7205,1700 MINIS DE EDUCACION FFIE 006,16166508,2019,May,1
1700,72,7205,1700 MINIS DE EDUCACION FFIE 006,1829968,2019,June,1
1701,72,7205,1701 CAMPUS POLITECNICO GRANCOLOMBI,32966429,2019,March,1
1701,72,7205,1701 CAMPUS POLITECNICO GRANCOLOMBI,31921915,2019,April,1
1701,72,7205,1701 CAMPUS POLITECNICO GRANCOLOMBI,33109742,2019,May,1
1701,72,7205,1701 CAMPUS POLITECNICO GRANCOLOMBI,89163,2019,June,1
1706,72,7205,1706 MINEDUCACION FFIE 006 GR7,213908540,2019,March,1
1706,72,7205,1706 MINEDUCACION FFIE 006 GR7,182978285,2019,April,1
1706,72,7205,1706 MINEDUCACION FFIE 006 GR7,159518769,2019,May,1
1706,72,7205,1706 MINEDUCACION FFIE 006 GR7,508471,2019,June,1
1713,72,7205,1713 USTA-TUNJA,24912394,2019,March,1
1713,72,7205,1713 USTA-TUNJA,26666772,2019,April,1
1713,72,7205,1713 USTA-TUNJA,26166591,2019,May,1
1713,72,7205,1713 USTA-TUNJA,405346,2019,June,1
1715,72,7205,1715 GERENCIA INTEGRAL UNIANDES,26394037,2019,March,1
1715,72,7205,1715 GERENCIA INTEGRAL UNIANDES,25454541,2019,April,1
1715,72,7205,1715 GERENCIA INTEGRAL UNIANDES,35707493,2019,May,1
1715,72,7205,1715 GERENCIA INTEGRAL UNIANDES,100004,2019,June,1
1720,72,7205,1720 VIA DEPRIMIDA CARRERA 57,1104197,2019,March,1
1720,72,7205,1720 VIA DEPRIMIDA CARRERA 57,184900,2019,April,1
1723,72,7205,1723 EDIFICIO SANTA MARIA,193940693,2019,March,1
1723,72,7205,1723 EDIFICIO SANTA MARIA,195384900,2019,April,1
1723,72,7205,1723 EDIFICIO SANTA MARIA,175422423,2019,May,1
1723,72,7205,1723 EDIFICIO SANTA MARIA,397534,2019,June,1
1734,72,7205,1734 HOTEL DE LUJO GETSEMANI,33880137,2019,March,1
1734,72,7205,1734 HOTEL DE LUJO GETSEMANI,37317367,2019,April,1
1734,72,7205,1734 HOTEL DE LUJO GETSEMANI,38728159,2019,May,1
1734,72,7205,1734 HOTEL DE LUJO GETSEMANI,85789,2019,June,1
1739,72,7205,1739 EDIFICIO CALLE 93-CRA 15 EXTER,8006486,2019,March,1
1739,72,7205,1739 EDIFICIO CALLE 93-CRA 15 EXTER,1101986,2019,April,1
1739,72,7205,1739 EDIFICIO CALLE 93-CRA 15 EXTER,1768705,2019,May,1
1743,72,7205,1743 PISO 3 Y 3M UNIANDES-CEN. COOR,0,2019,March,1
1744,72,7205,1744 EDIFICIO CALLE 92-11,16638910,2019,March,1
1744,72,7205,1744 EDIFICIO CALLE 92-11,16875493,2019,April,1
1744,72,7205,1744 EDIFICIO CALLE 92-11,15609530,2019,May,1
1751,72,7205,1751 IROTAMA TORRE C,26265886,2019,March,1
1751,72,7205,1751 IROTAMA TORRE C,24550699,2019,April,1
1751,72,7205,1751 IROTAMA TORRE C,26949863,2019,May,1
1753,72,7205,1753 FACHADAS C. C. ATLANTIS,2908724,2019,March,1
1753,72,7205,1753 FACHADAS C. C. ATLANTIS,911168,2019,April,1
1753,72,7205,1753 FACHADAS C. C. ATLANTIS,37800,2019,May,1
1755,72,7205,1755 FUNDA. SANTA FE INTEGRACION,23945864,2019,March,1
1755,72,7205,1755 FUNDA. SANTA FE INTEGRACION,18850613,2019,April,1
1755,72,7205,1755 FUNDA. SANTA FE INTEGRACION,715249,2019,May,1
1756,72,7205,1756 CAMPUS UNIVERSIDAD CENTRAL,50001939,2019,March,1
1756,72,7205,1756 CAMPUS UNIVERSIDAD CENTRAL,45892655,2019,April,1
1756,72,7205,1756 CAMPUS UNIVERSIDAD CENTRAL,47931332,2019,May,1
1756,72,7205,1756 CAMPUS UNIVERSIDAD CENTRAL,99643,2019,June,1
1758,72,7205,1758 PROYECTOS VARIOS EXTERNADO,26452620,2019,March,1
1758,72,7205,1758 PROYECTOS VARIOS EXTERNADO,24072464,2019,April,1
1758,72,7205,1758 PROYECTOS VARIOS EXTERNADO,23568828,2019,May,1
1776,72,7205,1776 UNIVERSIDAD SANTO TOMAS VILLAV,593885,2019,March,1
1776,72,7205,1776 UNIVERSIDAD SANTO TOMAS VILLAV,222706,2019,April,1
1776,72,7205,1776 UNIVERSIDAD SANTO TOMAS VILLAV,222706,2019,May,1
1789,72,7205,1789 CENTROS COMERCIALES TUJA Y ENV,18736531,2019,March,1
1789,72,7205,1789 CENTROS COMERCIALES TUJA Y ENV,18458856,2019,April,1
1789,72,7205,1789 CENTROS COMERCIALES TUJA Y ENV,19490065,2019,May,1
1791,72,7205,1791 CENTRO COMERCIAL ALEGRA,12955810,2019,March,1
1791,72,7205,1791 CENTRO COMERCIAL ALEGRA,12955810,2019,April,1
1791,72,7205,1791 CENTRO COMERCIAL ALEGRA,13135888,2019,May,1
1793,72,7205,1793 HOTEL DECAMERON LA MACARENA,0,2019,March,1
1796,72,7205,1796 HOTEL DECAMERON MARYLAND,80862,2019,March,1
1796,72,7205,1796 HOTEL DECAMERON MARYLAND,351252,2019,April,1
1796,72,7205,1796 HOTEL DECAMERON MARYLAND,1873347,2019,May,1
1802,72,7205,1802 TORRE 3A PLAZA DE LAS AMERICAS,28244963,2019,March,1
1802,72,7205,1802 TORRE 3A PLAZA DE LAS AMERICAS,24956008,2019,April,1
1802,72,7205,1802 TORRE 3A PLAZA DE LAS AMERICAS,26432457,2019,May,1
1804,72,7205,1804 EDIFICIO QUINTA MUTIS ROSARIO,12035806,2019,March,1
1804,72,7205,1804 EDIFICIO QUINTA MUTIS ROSARIO,14704929,2019,April,1
1804,72,7205,1804 EDIFICIO QUINTA MUTIS ROSARIO,15636448,2019,May,1
1806,72,7205,1806 PROYECTOS VARIOS AVIANCA,34934541,2019,March,1
1806,72,7205,1806 PROYECTOS VARIOS AVIANCA,32972030,2019,April,1
1806,72,7205,1806 PROYECTOS VARIOS AVIANCA,28463825,2019,May,1
1806,72,7205,1806 PROYECTOS VARIOS AVIANCA,163143,2019,June,1
1813,72,7205,1813 FISCALIA DE CUCUTA,50803460,2019,March,1
1813,72,7205,1813 FISCALIA DE CUCUTA,44124960,2019,April,1
1813,72,7205,1813 FISCALIA DE CUCUTA,43395746,2019,May,1
1814,72,7205,1814 PPTE PROMOBILY,415065,2019,May,1
1818,72,7205,1818 BODEGA BAENA MORA,10110940,2019,March,1
1818,72,7205,1818 BODEGA BAENA MORA,11095739,2019,April,1
1818,72,7205,1818 BODEGA BAENA MORA,10908282,2019,May,1
1818,72,7205,1818 BODEGA BAENA MORA,77348,2019,June,1
1821,72,7205,1821 EDIFICIO CORPORATIVO CINECOLOM,1736342,2019,April,1
1822,72,7205,1822 FASE RECIBO FINAL MEDICADIZ,196700,2019,March,1
1823,72,7205,1823 ALTOZANO URBANISMO,2521644,2019,April,1
1823,72,7205,1823 ALTOZANO URBANISMO,8493925,2019,May,1
1824,72,7205,1824 MEGAVITRINA GERENCIA,28334472,2019,March,1
1824,72,7205,1824 MEGAVITRINA GERENCIA,34945682,2019,April,1
1824,72,7205,1824 MEGAVITRINA GERENCIA,31079893,2019,May,1
1824,72,7205,1824 MEGAVITRINA GERENCIA,87110,2019,June,1
1826,72,7205,1826 C. INVESTIGACION BIOLOGIA U. R,10342320,2019,March,1
1826,72,7205,1826 C. INVESTIGACION BIOLOGIA U. R,10116643,2019,April,1
1826,72,7205,1826 C. INVESTIGACION BIOLOGIA U. R,9141567,2019,May,1
1829,72,7205,1829 EDIF. NUEVA SEDE COR. CINECOLO,41591853,2019,March,1
1829,72,7205,1829 EDIF. NUEVA SEDE COR. CINECOLO,39976397,2019,April,1
1829,72,7205,1829 EDIF. NUEVA SEDE COR. CINECOLO,38726021,2019,May,1
1829,72,7205,1829 EDIF. NUEVA SEDE COR. CINECOLO,291526,2019,June,1
1832,72,7205,1832 SINIESTRO INCENDIO CCIB,1698722,2019,March,1
1834,72,7205,1834 COLORE LA CENTRAL,0,2019,March,1
1834,72,7205,1834 COLORE LA CENTRAL,295100,2019,April,1
1837,72,7205,1837 CEDI MERCADERIA IBAGUE,12946556,2019,March,1
1837,72,7205,1837 CEDI MERCADERIA IBAGUE,12766487,2019,April,1
1837,72,7205,1837 CEDI MERCADERIA IBAGUE,12359274,2019,May,1
1838,72,7205,1838 CASA LA BUHARDILLA,8256751,2019,March,1
1838,72,7205,1838 CASA LA BUHARDILLA,8127636,2019,April,1
1838,72,7205,1838 CASA LA BUHARDILLA,8549054,2019,May,1
1842,72,7205,1842 LOCAL A.C. CHIPICHAPE,8009319,2019,March,1
1842,72,7205,1842 LOCAL A.C. CHIPICHAPE,12304791,2019,April,1
1842,72,7205,1842 LOCAL A.C. CHIPICHAPE,9109704,2019,May,1
1845,72,7205,1845 CUBIERTA C.C. ANDINO,6448163,2019,March,1
1845,72,7205,1845 CUBIERTA C.C. ANDINO,6178057,2019,April,1
1845,72,7205,1845 CUBIERTA C.C. ANDINO,4688374,2019,May,1
1845,72,7205,1845 CUBIERTA C.C. ANDINO,154595,2019,June,1
1846,72,7205,1846 URBAN. PLAZA CLARO IDU 1457,11089679,2019,March,1
1846,72,7205,1846 URBAN. PLAZA CLARO IDU 1457,13252799,2019,April,1
1846,72,7205,1846 URBAN. PLAZA CLARO IDU 1457,9183869,2019,May,1
1848,72,7205,1848 REMODE. OFICINA BID P 20,14110013,2019,March,1
1848,72,7205,1848 REMODE. OFICINA BID P 20,14346106,2019,April,1
1848,72,7205,1848 REMODE. OFICINA BID P 20,14360545,2019,May,1
1848,72,7205,1848 REMODE. OFICINA BID P 20,324879,2019,June,1
1849,72,7205,1849 ZONAS EXTERIORES CENTRO ANDINO,0,2019,March,1
1849,72,7205,1849 ZONAS EXTERIORES CENTRO ANDINO,0,2019,April,1
1849,72,7205,1849 ZONAS EXTERIORES CENTRO ANDINO,0,2019,May,1
1850,72,7205,1850 REMODELACION SUMINISTRO BAÑOS,154595,2019,March,1
1856,72,7205,1856 DISTRITO 90,16875312,2019,March,1
1856,72,7205,1856 DISTRITO 90,17055389,2019,April,1
1856,72,7205,1856 DISTRITO 90,17049862,2019,May,1
1857,72,7205,1857 COLPATRIA ALAMEDA SAN DIEGO,4569646,2019,March,1
1857,72,7205,1857 COLPATRIA ALAMEDA SAN DIEGO,4216237,2019,April,1
1857,72,7205,1857 COLPATRIA ALAMEDA SAN DIEGO,3890268,2019,May,1
1858,72,7205,1858 ED DE DIRECCION GENERAL BANCO,65638509,2019,March,1
1858,72,7205,1858 ED DE DIRECCION GENERAL BANCO,64454204,2019,April,1
1858,72,7205,1858 ED DE DIRECCION GENERAL BANCO,67855219,2019,May,1
1858,72,7205,1858 ED DE DIRECCION GENERAL BANCO,308990,2019,June,1
1860,72,7205,1860 EDIFICIO 593,11734283,2019,March,1
1860,72,7205,1860 EDIFICIO 593,12774820,2019,April,1
1860,72,7205,1860 EDIFICIO 593,15194038,2019,May,1
1860,72,7205,1860 EDIFICIO 593,109516,2019,June,1
1861,72,7205,1861 PRIMERA ETAPA UNIVERSITARIO SA,29808336,2019,March,1
1861,72,7205,1861 PRIMERA ETAPA UNIVERSITARIO SA,32154123,2019,April,1
1861,72,7205,1861 PRIMERA ETAPA UNIVERSITARIO SA,31318699,2019,May,1
1861,72,7205,1861 PRIMERA ETAPA UNIVERSITARIO SA,254000,2019,June,1
1871,72,7205,1871 CAFETERIA COLEGIO NUEVA GRANAD,223044,2019,May,1
1873,72,7205,1873 CALLE 77,8203901,2019,March,1
1873,72,7205,1873 CALLE 77,7947896,2019,April,1
1873,72,7205,1873 CALLE 77,8579702,2019,May,1
1873,72,7205,1873 CALLE 77,66768,2019,June,1
1874,72,7205,1874 REMODELACION CEDIS HOMECENTER,12317521,2019,March,1
1874,72,7205,1874 REMODELACION CEDIS HOMECENTER,14269759,2019,April,1
1874,72,7205,1874 REMODELACION CEDIS HOMECENTER,17905884,2019,May,1
1874,72,7205,1874 REMODELACION CEDIS HOMECENTER,103082,2019,June,1
1875,72,7205,1875 PROYECTOS DE BLOQUE D Y H-CLIN,160861,2019,March,1
1877,72,7205,1877 REMODELACION C.C.PLAZA DE LAS,47517538,2019,March,1
1877,72,7205,1877 REMODELACION C.C.PLAZA DE LAS,42114442,2019,April,1
1877,72,7205,1877 REMODELACION C.C.PLAZA DE LAS,42739132,2019,May,1
1880,72,7205,1880 REPARACION CASA C.C. MALL PLAZ,11961516,2019,March,1
1880,72,7205,1880 REPARACION CASA C.C. MALL PLAZ,12278902,2019,April,1
1880,72,7205,1880 REPARACION CASA C.C. MALL PLAZ,11447380,2019,May,1
1881,72,7205,1881 IBIS BUDGET MARLY,10282870,2019,March,1
1881,72,7205,1881 IBIS BUDGET MARLY,10032158,2019,April,1
1881,72,7205,1881 IBIS BUDGET MARLY,10266326,2019,May,1
1881,72,7205,1881 IBIS BUDGET MARLY,96869,2019,June,1
1883,72,7205,"1883 CONTRATO DE VEEDURÍA
CENTRO CO",1909943,2019,March,1
1883,72,7205,"1883 CONTRATO DE VEEDURÍA
CENTRO CO",2262193,2019,April,1
1883,72,7205,"1883 CONTRATO DE VEEDURÍA
CENTRO CO",1863403,2019,May,1
1884,72,7205,1884 CENTRO COMERCIAL NUESTRO CARTA,2285744,2019,March,1
1884,72,7205,1884 CENTRO COMERCIAL NUESTRO CARTA,1489496,2019,April,1
1884,72,7205,1884 CENTRO COMERCIAL NUESTRO CARTA,2239205,2019,May,1
1885,72,7205,1885 COLORE ENSUEÑO BOGOTA-ARTURO C,0,2019,March,1
1887,72,7205,1887 EFC PREESCOLAR DEL COL ANGLO C,3101666,2019,March,1
1887,72,7205,1887 EFC PREESCOLAR DEL COL ANGLO C,3884832,2019,April,1
1887,72,7205,1887 EFC PREESCOLAR DEL COL ANGLO C,1192367,2019,May,1
1889,72,7205,1889 COLISEO CUBIERTO GIMNASIO MODE,3420540,2019,March,1
1889,72,7205,1889 COLISEO CUBIERTO GIMNASIO MODE,3234063,2019,April,1
1889,72,7205,1889 COLISEO CUBIERTO GIMNASIO MODE,2185617,2019,May,1
1890,72,7205,1890 CENTRO CIVICO FASE 1 UNI ANDES,26047175,2019,March,1
1890,72,7205,1890 CENTRO CIVICO FASE 1 UNI ANDES,24198786,2019,April,1
1890,72,7205,1890 CENTRO CIVICO FASE 1 UNI ANDES,27097502,2019,May,1
1890,72,7205,1890 CENTRO CIVICO FASE 1 UNI ANDES,129430,2019,June,1
1891,72,7205,1891 PLAZA DE LAS AMERICAS ETAPA 3,13097101,2019,March,1
1891,72,7205,1891 PLAZA DE LAS AMERICAS ETAPA 3,12442678,2019,April,1
1891,72,7205,1891 PLAZA DE LAS AMERICAS ETAPA 3,12815971,2019,May,1
1891,72,7205,1891 PLAZA DE LAS AMERICAS ETAPA 3,92450,2019,June,1
1893,72,7205,1893 MALL PLAZA CALI,19466561,2019,March,1
1893,72,7205,1893 MALL PLAZA CALI,24261098,2019,April,1
1893,72,7205,1893 MALL PLAZA CALI,20451095,2019,May,1
1895,72,7205,1895 REMODELACION PISO 6 BL B,37800,2019,March,1
1899,72,7205,1899 CLÍNICA AVIDANTI IBAGUE,26894068,2019,March,1
1899,72,7205,1899 CLÍNICA AVIDANTI IBAGUE,23105836,2019,April,1
1899,72,7205,1899 CLÍNICA AVIDANTI IBAGUE,28229313,2019,May,1
1899,72,7205,1899 CLÍNICA AVIDANTI IBAGUE,114200,2019,June,1
1900,72,7205,1900 P. INSPIRA Y MUELLE CARGA,12236868,2019,March,1
1900,72,7205,1900 P. INSPIRA Y MUELLE CARGA,12488706,2019,April,1
1900,72,7205,1900 P. INSPIRA Y MUELLE CARGA,13523413,2019,May,1
1902,72,7205,1902 HOSP.C VERDE SOACHA - AVIDANTI,1731083,2019,April,1
1902,72,7205,1902 HOSP.C VERDE SOACHA - AVIDANTI,16456354,2019,May,1
1903,72,7205,1903 REM PISCINA 3 HILTON CARTAGENA,444112,2019,May,1
1903,72,7205,1903 REM PISCINA 3 HILTON CARTAGENA,172100,2019,June,1
1904,72,7205,1904 FUND. FANA  ADULTO MAYOR,6015770,2019,April,1
9992,72,7205,9992 POST-VENTA,5615505,2019,March,1
9992,72,7205,9992 POST-VENTA,6149861,2019,April,1
9992,72,7205,9992 POST-VENTA,1318685,2019,May,1
9994,72,7205,9994 GT SIP,7027101,2019,March,1
9994,72,7205,9994 GT SIP,11663064,2019,April,1
9994,72,7205,9994 GT SIP,9255731,2019,May,1
9995,72,7205,9995 GT ETAPA PREVIA,2338065,2019,March,1
9995,72,7205,9995 GT ETAPA PREVIA,4455076,2019,April,1
9995,72,7205,9995 GT ETAPA PREVIA,5589003,2019,May,1
9995,72,7205,9995 GT ETAPA PREVIA,205578,2019,June,1
9997,72,7205,9997 PRESUPUESTOS Y PROGRAMACION,1593477,2019,March,1
9997,72,7205,9997 PRESUPUESTOS Y PROGRAMACION,3270889,2019,April,1
9997,72,7205,9997 PRESUPUESTOS Y PROGRAMACION,15967553,2019,May,1
9997,72,7205,9997 PRESUPUESTOS Y PROGRAMACION,142630,2019,June,1
9998,72,7205,9998 CONTRATACIONES,11318976,2019,March,1
9998,72,7205,9998 CONTRATACIONES,5858557,2019,April,1
9998,72,7205,9998 CONTRATACIONES,11224839,2019,May,1
